#FILE	SEQUENCE	START	END	STRAND	GENE	COVERAGE	COVERAGE_MAP	GAPS	%COVERAGE	%IDENTITY	DATABASE	ACCESSION	PRODUCT	RESISTANCE
Genome/Australia_GCA_010422805.fna	DAARJC010000018.1	36768	37410	+	IncFIB(S)_1	1-643/643	===============	0/0	100.00	98.91	plasmidfinder	FN432031	IncFIB(S)_1__FN432031	
Genome/Australia_GCA_010422805.fna	DAARJC010000018.1	51850	52111	-	IncFII(S)_1	1-262/262	===============	0/0	100.00	100.00	plasmidfinder	CP000858	IncFII(S)_1__CP000858	
Genome/Australia_GCA_010730655.fna	DAATEC010000021.1	40529	41171	+	IncFIB(S)_1	1-643/643	===============	0/0	100.00	98.91	plasmidfinder	FN432031	IncFIB(S)_1__FN432031	
Genome/Australia_GCA_010730655.fna	DAATEC010000021.1	55611	55872	-	IncFII(S)_1	1-262/262	===============	0/0	100.00	100.00	plasmidfinder	CP000858	IncFII(S)_1__CP000858	
Genome/Australia_GCA_013218415.fna	JABOHV010000004.1	664	784	+	ColRNAI_1	11-130/130	.=======/======	1/1	92.31	84.30	plasmidfinder	DQ298019	ColRNAI_1__DQ298019	
Genome/Australia_GCA_013218415.fna	JABOHV010000031.1	9271	9913	-	IncFIB(S)_1	1-643/643	===============	0/0	100.00	98.91	plasmidfinder	FN432031	IncFIB(S)_1__FN432031	
Genome/Australia_GCA_013218415.fna	JABOHV010000056.1	1887	2148	-	IncFII(S)_1	1-262/262	===============	0/0	100.00	100.00	plasmidfinder	CP000858	IncFII(S)_1__CP000858	
Genome/Australia_GCA_013218545.fna	JABOKO010000001.1	1887	2148	-	IncFII(S)_1	1-262/262	===============	0/0	100.00	100.00	plasmidfinder	CP000858	IncFII(S)_1__CP000858	
Genome/Australia_GCA_013218545.fna	JABOKO010000011.1	9716	10358	-	IncFIB(S)_1	1-643/643	===============	0/0	100.00	98.91	plasmidfinder	FN432031	IncFIB(S)_1__FN432031	
Genome/Australia_GCA_013218545.fna	JABOKO010000030.1	8221	8362	-	IncI1_1_Alpha	1-142/142	===============	0/0	100.00	99.30	plasmidfinder	AP005147	IncI1_1_Alpha_AP005147	
Genome/Australia_GCA_013218545.fna	JABOKO010000049.1	27523	27896	-	IncX4_1	1-374/374	===============	0/0	100.00	100.00	plasmidfinder	CP002895	IncX4_1__CP002895	
Genome/Australia_GCA_013218545.fna	JABOKO010000066.1	12935	13669	+	IncP1_3	1-735/745	========/======	2/2	98.52	80.30	plasmidfinder	KX377410	IncP1_3__KX377410	
Genome/Australia_GCA_013218545.fna	JABOKO010000067.1	393	523	-	ColRNAI_1	1-130/130	========/======	1/1	100.00	90.08	plasmidfinder	DQ298019	ColRNAI_1__DQ298019	
Genome/Australia_GCA_013218615.fna	JABOHW010000009.1	3423	3684	+	IncFII(S)_1	1-262/262	===============	0/0	100.00	100.00	plasmidfinder	CP000858	IncFII(S)_1__CP000858	
Genome/Australia_GCA_013218615.fna	JABOHW010000043.1	40548	41190	+	IncFIB(S)_1	1-643/643	===============	0/0	100.00	98.91	plasmidfinder	FN432031	IncFIB(S)_1__FN432031	
Genome/Australia_GCA_013218615.fna	JABOHW010000055.1	19928	20270	+	IncX3_1	37-374/374	.=======/======	4/5	90.37	80.17	plasmidfinder	JN247852	IncX3_1__JN247852	
Genome/Australia_GCA_013218615.fna	JABOHW010000055.1	20917	21290	+	IncX1_1	1-374/374	===============	0/0	100.00	98.66	plasmidfinder	EU370913	IncX1_1__EU370913	
Genome/Australia_GCA_013218635.fna	JABOHR010000002.1	3436	3697	+	IncFII(S)_1	1-262/262	===============	0/0	100.00	100.00	plasmidfinder	CP000858	IncFII(S)_1__CP000858	
Genome/Australia_GCA_013218635.fna	JABOHR010000007.1	1648	1768	-	ColRNAI_1	11-130/130	.=======/======	1/1	92.31	84.30	plasmidfinder	DQ298019	ColRNAI_1__DQ298019	
Genome/Australia_GCA_013218635.fna	JABOHR010000029.1	9271	9913	-	IncFIB(S)_1	1-643/643	===============	0/0	100.00	98.91	plasmidfinder	FN432031	IncFIB(S)_1__FN432031	
Genome/Australia_GCA_013218745.fna	JABOHK010000002.1	3433	3694	+	IncFII(S)_1	1-262/262	===============	0/0	100.00	100.00	plasmidfinder	CP000858	IncFII(S)_1__CP000858	
Genome/Australia_GCA_013218745.fna	JABOHK010000025.1	9271	9913	-	IncFIB(S)_1	1-643/643	===============	0/0	100.00	98.91	plasmidfinder	FN432031	IncFIB(S)_1__FN432031	
Genome/Australia_GCA_013218745.fna	JABOHK010000049.1	1049	1169	+	ColRNAI_1	11-130/130	.=======/======	1/1	92.31	84.30	plasmidfinder	DQ298019	ColRNAI_1__DQ298019	
Genome/Australia_GCA_013218805.fna	JABOHJ010000007.1	1055	1175	+	ColRNAI_1	11-130/130	.=======/======	1/1	92.31	84.30	plasmidfinder	DQ298019	ColRNAI_1__DQ298019	
Genome/Australia_GCA_013218805.fna	JABOHJ010000048.1	191	311	+	ColRNAI_1	11-130/130	.=======/======	1/1	92.31	81.82	plasmidfinder	DQ298019	ColRNAI_1__DQ298019	
Genome/Australia_GCA_013218805.fna	JABOHJ010000058.1	1887	2148	-	IncFII(S)_1	1-262/262	===============	0/0	100.00	100.00	plasmidfinder	CP000858	IncFII(S)_1__CP000858	
Genome/Australia_GCA_013218805.fna	JABOHJ010000067.1	40559	41201	+	IncFIB(S)_1	1-643/643	===============	0/0	100.00	98.91	plasmidfinder	FN432031	IncFIB(S)_1__FN432031	
Genome/Australia_GCA_013218845.fna	JABOHO010000019.1	3433	3694	+	IncFII(S)_1	1-262/262	===============	0/0	100.00	100.00	plasmidfinder	CP000858	IncFII(S)_1__CP000858	
Genome/Australia_GCA_013218845.fna	JABOHO010000033.1	566	686	+	ColRNAI_1	11-130/130	.=======/======	1/1	92.31	84.30	plasmidfinder	DQ298019	ColRNAI_1__DQ298019	
Genome/Australia_GCA_013218845.fna	JABOHO010000058.1	40553	41195	+	IncFIB(S)_1	1-643/643	===============	0/0	100.00	98.91	plasmidfinder	FN432031	IncFIB(S)_1__FN432031	
Genome/Australia_GCA_013218875.fna	JABOHM010000005.1	3444	3705	+	IncFII(S)_1	1-262/262	===============	0/0	100.00	100.00	plasmidfinder	CP000858	IncFII(S)_1__CP000858	
Genome/Australia_GCA_013218875.fna	JABOHM010000053.1	40553	41195	+	IncFIB(S)_1	1-643/643	===============	0/0	100.00	98.91	plasmidfinder	FN432031	IncFIB(S)_1__FN432031	
Genome/Australia_GCA_013218905.fna	JABOHN010000006.1	9716	10358	-	IncFIB(S)_1	1-643/643	===============	0/0	100.00	98.91	plasmidfinder	FN432031	IncFIB(S)_1__FN432031	
Genome/Australia_GCA_013218905.fna	JABOHN010000036.1	1887	2148	-	IncFII(S)_1	1-262/262	===============	0/0	100.00	100.00	plasmidfinder	CP000858	IncFII(S)_1__CP000858	
Genome/Australia_GCA_013218965.fna	JABOHP010000032.1	1887	2148	-	IncFII(S)_1	1-262/262	===============	0/0	100.00	100.00	plasmidfinder	CP000858	IncFII(S)_1__CP000858	
Genome/Australia_GCA_013218965.fna	JABOHP010000032.1	46140	46782	+	IncFIB(S)_1	1-643/643	===============	0/0	100.00	98.91	plasmidfinder	FN432031	IncFIB(S)_1__FN432031	
Genome/Australia_GCA_013218975.fna	JABOHQ010000002.1	3423	3684	+	IncFII(S)_1	1-262/262	===============	0/0	100.00	100.00	plasmidfinder	CP000858	IncFII(S)_1__CP000858	
Genome/Australia_GCA_013218975.fna	JABOHQ010000030.1	9271	9913	-	IncFIB(S)_1	1-643/643	===============	0/0	100.00	98.91	plasmidfinder	FN432031	IncFIB(S)_1__FN432031	
Genome/Australia_GCA_013218975.fna	JABOHQ010000050.1	863	983	+	ColRNAI_1	11-130/130	.=======/======	1/1	92.31	84.30	plasmidfinder	DQ298019	ColRNAI_1__DQ298019	
Genome/Australia_GCA_013219015.fna	JABOHX010000013.1	23516	23892	+	IncX1_4	1-377/377	===============	0/0	100.00	95.76	plasmidfinder	JN935898	IncX1_4__JN935898	
Genome/Australia_GCA_013219015.fna	JABOHX010000018.1	40538	41180	+	IncFIB(S)_1	1-643/643	===============	0/0	100.00	98.91	plasmidfinder	FN432031	IncFIB(S)_1__FN432031	
Genome/Australia_GCA_013219015.fna	JABOHX010000032.1	3421	3682	+	IncFII(S)_1	1-262/262	===============	0/0	100.00	100.00	plasmidfinder	CP000858	IncFII(S)_1__CP000858	
Genome/Australia_GCA_013219655.fna	JABOKR010000009.1	13505	13881	+	IncX1_4	1-377/377	===============	0/0	100.00	95.76	plasmidfinder	JN935898	IncX1_4__JN935898	
Genome/Australia_GCA_013219655.fna	JABOKR010000030.1	1887	2148	-	IncFII(S)_1	1-262/262	===============	0/0	100.00	100.00	plasmidfinder	CP000858	IncFII(S)_1__CP000858	
Genome/Australia_GCA_013219655.fna	JABOKR010000040.1	33125	33767	+	IncFIB(S)_1	1-643/643	===============	0/0	100.00	98.91	plasmidfinder	FN432031	IncFIB(S)_1__FN432031	
Genome/Australia_GCA_013220405.fna	JABOKF010000013.1	40546	41188	+	IncFIB(S)_1	1-643/643	===============	0/0	100.00	98.91	plasmidfinder	FN432031	IncFIB(S)_1__FN432031	
Genome/Australia_GCA_013220405.fna	JABOKF010000014.1	1887	2148	-	IncFII(S)_1	1-262/262	===============	0/0	100.00	100.00	plasmidfinder	CP000858	IncFII(S)_1__CP000858	
Genome/Australia_GCA_013220415.fna	JABOKE010000023.1	9271	9913	-	IncFIB(S)_1	1-643/643	===============	0/0	100.00	98.91	plasmidfinder	FN432031	IncFIB(S)_1__FN432031	
Genome/Australia_GCA_013220415.fna	JABOKE010000050.1	1887	2148	-	IncFII(S)_1	1-262/262	===============	0/0	100.00	100.00	plasmidfinder	CP000858	IncFII(S)_1__CP000858	
Genome/Australia_GCA_013220415.fna	JABOKE010000058.1	2367	2487	+	ColRNAI_1	11-130/130	.=======/======	1/1	92.31	84.30	plasmidfinder	DQ298019	ColRNAI_1__DQ298019	
Genome/Australia_GCA_013220585.fna	JABOKG010000045.1	3735	3996	-	IncFII(S)_1	1-262/262	===============	0/0	100.00	100.00	plasmidfinder	CP000858	IncFII(S)_1__CP000858	
Genome/Australia_GCA_013220585.fna	JABOKG010000047.1	40519	41161	+	IncFIB(S)_1	1-643/643	===============	0/0	100.00	98.91	plasmidfinder	FN432031	IncFIB(S)_1__FN432031	
Genome/Australia_GCA_013220585.fna	JABOKG010000055.1	1738	1868	+	ColRNAI_1	1-130/130	========/======	1/1	100.00	87.79	plasmidfinder	DQ298019	ColRNAI_1__DQ298019	
Genome/Australia_GCA_013220665.fna	JABOKK010000010.1	33125	33767	+	IncFIB(S)_1	1-643/643	===============	0/0	100.00	98.91	plasmidfinder	FN432031	IncFIB(S)_1__FN432031	
Genome/Australia_GCA_013220665.fna	JABOKK010000027.1	1887	2148	-	IncFII(S)_1	1-262/262	===============	0/0	100.00	100.00	plasmidfinder	CP000858	IncFII(S)_1__CP000858	
Genome/Australia_GCA_013220665.fna	JABOKK010000038.1	5908	6284	-	IncX1_4	1-377/377	===============	0/0	100.00	95.76	plasmidfinder	JN935898	IncX1_4__JN935898	
Genome/Australia_GCA_013220685.fna	JABOKI010000051.1	40548	41190	+	IncFIB(S)_1	1-643/643	===============	0/0	100.00	98.91	plasmidfinder	FN432031	IncFIB(S)_1__FN432031	
Genome/Australia_GCA_013220685.fna	JABOKI010000052.1	1887	2148	-	IncFII(S)_1	1-262/262	===============	0/0	100.00	100.00	plasmidfinder	CP000858	IncFII(S)_1__CP000858	
Genome/Australia_GCA_013220695.fna	JABOKH010000003.1	1905	2166	-	IncFII(S)_1	1-262/262	===============	0/0	100.00	100.00	plasmidfinder	CP000858	IncFII(S)_1__CP000858	
Genome/Australia_GCA_013220695.fna	JABOKH010000018.1	40551	41193	+	IncFIB(S)_1	1-643/643	===============	0/0	100.00	98.91	plasmidfinder	FN432031	IncFIB(S)_1__FN432031	
Genome/Australia_GCA_013220705.fna	JABOKJ010000032.1	33125	33767	+	IncFIB(S)_1	1-643/643	===============	0/0	100.00	98.91	plasmidfinder	FN432031	IncFIB(S)_1__FN432031	
Genome/Australia_GCA_013220705.fna	JABOKJ010000034.1	5908	6284	-	IncX1_4	1-377/377	===============	0/0	100.00	95.76	plasmidfinder	JN935898	IncX1_4__JN935898	
Genome/Australia_GCA_013220705.fna	JABOKJ010000035.1	1887	2148	-	IncFII(S)_1	1-262/262	===============	0/0	100.00	100.00	plasmidfinder	CP000858	IncFII(S)_1__CP000858	
Genome/Australia_GCA_013220775.fna	JABOKS010000031.1	1887	2148	-	IncFII(S)_1	1-262/262	===============	0/0	100.00	100.00	plasmidfinder	CP000858	IncFII(S)_1__CP000858	
Genome/Australia_GCA_013220775.fna	JABOKS010000040.1	40553	41195	+	IncFIB(S)_1	1-643/643	===============	0/0	100.00	98.91	plasmidfinder	FN432031	IncFIB(S)_1__FN432031	
Genome/Australia_GCA_013220815.fna	JABOKM010000008.1	1887	2148	-	IncFII(S)_1	1-262/262	===============	0/0	100.00	100.00	plasmidfinder	CP000858	IncFII(S)_1__CP000858	
Genome/Australia_GCA_013220815.fna	JABOKM010000027.1	9273	9915	-	IncFIB(S)_1	1-643/643	===============	0/0	100.00	98.76	plasmidfinder	FN432031	IncFIB(S)_1__FN432031	
Genome/Australia_GCA_013220865.fna	JABOKU010000019.1	4876	5252	-	IncX1_4	1-377/377	===============	0/0	100.00	95.76	plasmidfinder	JN935898	IncX1_4__JN935898	
Genome/Australia_GCA_013220865.fna	JABOKU010000031.1	1887	2148	-	IncFII(S)_1	1-262/262	===============	0/0	100.00	100.00	plasmidfinder	CP000858	IncFII(S)_1__CP000858	
Genome/Australia_GCA_013220865.fna	JABOKU010000058.1	40558	41200	+	IncFIB(S)_1	1-643/643	===============	0/0	100.00	98.91	plasmidfinder	FN432031	IncFIB(S)_1__FN432031	
Genome/Australia_GCA_013220885.fna	JABOKT010000018.1	147	267	+	ColRNAI_1	11-130/130	.=======/======	1/1	92.31	84.30	plasmidfinder	DQ298019	ColRNAI_1__DQ298019	
Genome/Australia_GCA_013220885.fna	JABOKT010000026.1	30674	31050	+	IncX1_4	1-377/377	===============	0/0	100.00	95.76	plasmidfinder	JN935898	IncX1_4__JN935898	
Genome/Australia_GCA_013220885.fna	JABOKT010000045.1	668	929	-	IncFII(S)_1	1-262/262	===============	0/0	100.00	100.00	plasmidfinder	CP000858	IncFII(S)_1__CP000858	
Genome/Australia_GCA_013220885.fna	JABOKT010000045.1	44921	45563	+	IncFIB(S)_1	1-643/643	===============	0/0	100.00	98.91	plasmidfinder	FN432031	IncFIB(S)_1__FN432031	
Genome/Australia_GCA_013220885.fna	JABOKT010000061.1	2099	2212	-	Col440I_1	1-114/114	===============	0/0	100.00	94.74	plasmidfinder	CP023920.1	Col440I_1__CP023920.1	
Genome/Australia_GCA_013221005.fna	JABOKX010000033.1	668	929	-	IncFII(S)_1	1-262/262	===============	0/0	100.00	100.00	plasmidfinder	CP000858	IncFII(S)_1__CP000858	
Genome/Australia_GCA_013221005.fna	JABOKX010000054.1	40564	41206	+	IncFIB(S)_1	1-643/643	===============	0/0	100.00	98.91	plasmidfinder	FN432031	IncFIB(S)_1__FN432031	
Genome/Australia_GCA_013226665.fna	JABPSN010000042.1	9273	9915	-	IncFIB(S)_1	1-643/643	===============	0/0	100.00	98.76	plasmidfinder	FN432031	IncFIB(S)_1__FN432031	
Genome/Australia_GCA_013226665.fna	JABPSN010000058.1	1887	2148	-	IncFII(S)_1	1-262/262	===============	0/0	100.00	100.00	plasmidfinder	CP000858	IncFII(S)_1__CP000858	
Genome/Australia_GCA_025770365.fna	JAOVTH010000026.1	40553	41195	+	IncFIB(S)_1	1-643/643	===============	0/0	100.00	98.91	plasmidfinder	FN432031	IncFIB(S)_1__FN432031	
Genome/Australia_GCA_025770365.fna	JAOVTH010000026.1	55578	55839	-	IncFII(S)_1	1-262/262	===============	0/0	100.00	100.00	plasmidfinder	CP000858	IncFII(S)_1__CP000858	
Genome/Australia_GCA_025770365.fna	JAOVTH010000043.1	915	1068	-	Col156_1	1-154/154	===============	0/0	100.00	94.81	plasmidfinder	NC_009781	Col156_1__NC_009781	
Genome/Canada_GCA_019582595.fna	ABBXGB010000015.1	3142	3295	-	Col156_1	1-154/154	===============	0/0	100.00	94.81	plasmidfinder	NC_009781	Col156_1__NC_009781	
Genome/Canada_GCA_019582595.fna	ABBXGB010000018.1	400	632	-	Col(BS512)_1	1-233/233	===============	0/0	100.00	100.00	plasmidfinder	NC_010656	Col(BS512)_1__NC_010656	
Genome/Canada_GCA_019583915.fna	ABBXIC010000011.1	3859	4120	-	IncFII(S)_1	1-262/262	===============	0/0	100.00	100.00	plasmidfinder	CP000858	IncFII(S)_1__CP000858	
Genome/Canada_GCA_019583915.fna	ABBXIC010000011.1	48112	48754	+	IncFIB(S)_1	1-643/643	===============	0/0	100.00	98.91	plasmidfinder	FN432031	IncFIB(S)_1__FN432031	
Genome/Canada_GCA_019584035.fna	ABBXHT010000012.1	2257	2387	+	ColRNAI_1	1-130/130	========/======	1/1	100.00	87.79	plasmidfinder	DQ298019	ColRNAI_1__DQ298019	
Genome/Canada_GCA_019584035.fna	ABBXHT010000013.1	400	632	-	Col(BS512)_1	1-233/233	===============	0/0	100.00	100.00	plasmidfinder	NC_010656	Col(BS512)_1__NC_010656	
Genome/Canada_GCA_019584055.fna	ABBXHX010000013.1	4875	5517	+	IncFIB(S)_1	1-643/643	===============	0/0	100.00	98.91	plasmidfinder	FN432031	IncFIB(S)_1__FN432031	
Genome/Canada_GCA_019584055.fna	ABBXHX010000014.1	3423	3684	+	IncFII(S)_1	1-262/262	===============	0/0	100.00	100.00	plasmidfinder	CP000858	IncFII(S)_1__CP000858	
Genome/Canada_GCA_019584315.fna	ABBXHY010000013.1	965	1095	-	ColRNAI_1	1-130/130	========/======	1/1	100.00	87.79	plasmidfinder	DQ298019	ColRNAI_1__DQ298019	
Genome/Canada_GCA_019584315.fna	ABBXHY010000013.1	3796	4047	-	Col(MG828)_1	1-262/262	========/======	1/10	96.18	88.55	plasmidfinder	NC_008486	Col(MG828)_1__NC_008486	
Genome/Canada_GCA_019584315.fna	ABBXHY010000014.1	5886	6037	-	Col156_1	1-152/154	===============	0/0	98.70	97.37	plasmidfinder	NC_009781	Col156_1__NC_009781	
Genome/Canada_GCA_019584315.fna	ABBXHY010000015.1	1427	1557	-	ColRNAI_1	1-130/130	========/======	1/1	100.00	86.26	plasmidfinder	DQ298019	ColRNAI_1__DQ298019	
Genome/Canada_GCA_019584315.fna	ABBXHY010000017.1	2246	2376	+	ColRNAI_1	1-130/130	========/======	1/1	100.00	87.02	plasmidfinder	DQ298019	ColRNAI_1__DQ298019	
Genome/Canada_GCA_019584315.fna	ABBXHY010000019.1	1397	1589	-	ColpVC_1	1-193/193	===============	0/0	100.00	99.48	plasmidfinder	JX133088	ColpVC_1__JX133088	
Genome/Canada_GCA_019584315.fna	ABBXHY010000020.1	1338	1570	+	Col(BS512)_1	1-233/233	===============	0/0	100.00	100.00	plasmidfinder	NC_010656	Col(BS512)_1__NC_010656	
Genome/Canada_GCA_019584315.fna	ABBXHY010000021.1	1524	1714	-	ColpVC_1	1-191/193	===============	0/0	98.96	96.86	plasmidfinder	JX133088	ColpVC_1__JX133088	
Genome/Canada_GCA_019586325.fna	ABBXIF010000041.1	4614	5256	+	IncFIB(S)_1	1-643/643	===============	0/0	100.00	98.91	plasmidfinder	FN432031	IncFIB(S)_1__FN432031	
Genome/Canada_GCA_019586325.fna	ABBXIF010000043.1	3654	3915	+	IncFII(S)_1	1-262/262	===============	0/0	100.00	100.00	plasmidfinder	CP000858	IncFII(S)_1__CP000858	
Genome/Canada_GCA_019588685.fna	ABBXIW010000017.1	3689	3819	-	ColRNAI_1	1-130/130	========/======	1/1	100.00	87.79	plasmidfinder	DQ298019	ColRNAI_1__DQ298019	
Genome/Canada_GCA_019588685.fna	ABBXIW010000020.1	2257	2387	+	ColRNAI_1	1-130/130	========/======	1/1	100.00	87.79	plasmidfinder	DQ298019	ColRNAI_1__DQ298019	
Genome/Canada_GCA_019588685.fna	ABBXIW010000022.1	241	502	+	Col(MG828)_1	1-262/262	===============	0/0	100.00	91.98	plasmidfinder	NC_008486	Col(MG828)_1__NC_008486	
Genome/Canada_GCA_019588725.fna	ABBXJF010000009.1	80206	80347	+	IncI1_1_Alpha	1-142/142	===============	0/0	100.00	100.00	plasmidfinder	AP005147	IncI1_1_Alpha_AP005147	
Genome/Canada_GCA_019588725.fna	ABBXJF010000013.1	40542	41184	+	IncFIB(S)_1	1-643/643	===============	0/0	100.00	98.91	plasmidfinder	FN432031	IncFIB(S)_1__FN432031	
Genome/Canada_GCA_019588725.fna	ABBXJF010000016.1	3428	3689	+	IncFII(S)_1	1-262/262	===============	0/0	100.00	100.00	plasmidfinder	CP000858	IncFII(S)_1__CP000858	
Genome/Canada_GCA_019588725.fna	ABBXJF010000018.1	797	910	+	Col440I_1	1-114/114	===============	0/0	100.00	91.23	plasmidfinder	CP023920.1	Col440I_1__CP023920.1	
Genome/Canada_GCA_019588825.fna	ABBXJK010000014.1	8004	8646	+	IncFIB(S)_1	1-643/643	===============	0/0	100.00	98.91	plasmidfinder	FN432031	IncFIB(S)_1__FN432031	
Genome/Canada_GCA_019588825.fna	ABBXJK010000015.1	3393	3654	+	IncFII(S)_1	1-262/262	===============	0/0	100.00	100.00	plasmidfinder	CP000858	IncFII(S)_1__CP000858	
Genome/Canada_GCA_019588985.fna	ABBXJX010000013.1	40566	41208	+	IncFIB(S)_1	1-643/643	===============	0/0	100.00	98.91	plasmidfinder	FN432031	IncFIB(S)_1__FN432031	
Genome/Canada_GCA_019588985.fna	ABBXJX010000016.1	3436	3697	+	IncFII(S)_1	1-262/262	===============	0/0	100.00	100.00	plasmidfinder	CP000858	IncFII(S)_1__CP000858	
Genome/Canada_GCA_019589065.fna	ABBXJT010000015.1	2449	2579	-	ColRNAI_1	1-130/130	========/======	1/1	100.00	87.79	plasmidfinder	DQ298019	ColRNAI_1__DQ298019	
Genome/Canada_GCA_019589065.fna	ABBXJT010000016.1	1341	1469	-	ColRNAI_1	1-128/130	========/======	1/1	98.46	84.50	plasmidfinder	DQ298019	ColRNAI_1__DQ298019	
Genome/Canada_GCA_019589245.fna	ABBXKF010000021.1	80206	80347	+	IncI1_1_Alpha	1-142/142	===============	0/0	100.00	100.00	plasmidfinder	AP005147	IncI1_1_Alpha_AP005147	
Genome/Canada_GCA_019589245.fna	ABBXKF010000028.1	4078	4339	-	IncFII(S)_1	1-262/262	===============	0/0	100.00	100.00	plasmidfinder	CP000858	IncFII(S)_1__CP000858	
Genome/Canada_GCA_019589245.fna	ABBXKF010000028.1	48331	48973	+	IncFIB(S)_1	1-643/643	===============	0/0	100.00	98.91	plasmidfinder	FN432031	IncFIB(S)_1__FN432031	
Genome/Canada_GCA_019593325.fna	ABBXRZ010000030.1	4416	4677	-	IncFII(S)_1	1-262/262	===============	0/0	100.00	100.00	plasmidfinder	CP000858	IncFII(S)_1__CP000858	
Genome/Canada_GCA_019593325.fna	ABBXRZ010000030.1	48669	49311	+	IncFIB(S)_1	1-643/643	===============	0/0	100.00	98.91	plasmidfinder	FN432031	IncFIB(S)_1__FN432031	
Genome/Hong_Kong_Sal100_19_contigs.fa	NODE_13_length_87724_cov_93.043493	9604	10246	-	IncFIB(S)_1	1-643/643	===============	0/0	100.00	98.91	plasmidfinder	FN432031	IncFIB(S)_1__FN432031	
Genome/Hong_Kong_Sal100_19_contigs.fa	NODE_13_length_87724_cov_93.043493	53974	54350	-	IncX1_4	1-377/377	===============	0/0	100.00	95.76	plasmidfinder	JN935898	IncX1_4__JN935898	
Genome/Hong_Kong_Sal100_19_contigs.fa	NODE_13_length_87724_cov_93.043493	83677	83938	+	IncFII(S)_1	1-262/262	===============	0/0	100.00	100.00	plasmidfinder	CP000858	IncFII(S)_1__CP000858	
Genome/Hong_Kong_Sal10_19_contigs.fa	NODE_20_length_43382_cov_9.090867	33075	33717	+	IncFIB(S)_1	1-643/643	===============	0/0	100.00	98.91	plasmidfinder	FN432031	IncFIB(S)_1__FN432031	
Genome/Hong_Kong_Sal10_19_contigs.fa	NODE_23_length_19688_cov_9.080822	13455	13831	+	IncX1_4	1-377/377	===============	0/0	100.00	95.76	plasmidfinder	JN935898	IncX1_4__JN935898	
Genome/Hong_Kong_Sal10_19_contigs.fa	NODE_24_length_15076_cov_9.468365	11029	11290	+	IncFII(S)_1	1-262/262	===============	0/0	100.00	100.00	plasmidfinder	CP000858	IncFII(S)_1__CP000858	
Genome/Hong_Kong_Sal10_19_contigs.fa	NODE_28_length_6121_cov_44.491893	449	579	-	ColRNAI_1	1-130/130	========/======	1/1	100.00	87.02	plasmidfinder	DQ298019	ColRNAI_1__DQ298019	
Genome/Hong_Kong_Sal11_19_contigs.fa	NODE_1_length_66662_cov_21.101930	13333	13975	-	IncFIB(S)_1	1-643/643	===============	0/0	100.00	98.91	plasmidfinder	FN432031	IncFIB(S)_1__FN432031	
Genome/Hong_Kong_Sal11_19_contigs.fa	NODE_1_length_66662_cov_21.101930	57610	57871	+	IncFII(S)_1	1-262/262	===============	0/0	100.00	100.00	plasmidfinder	CP000858	IncFII(S)_1__CP000858	
Genome/Hong_Kong_Sal11_19_contigs.fa	NODE_261_length_5507_cov_12.648250	2326	2454	-	ColRNAI_1	1-128/130	========/======	1/1	98.46	84.50	plasmidfinder	DQ298019	ColRNAI_1__DQ298019	
Genome/Hong_Kong_Sal11_19_contigs.fa	NODE_261_length_5507_cov_12.648250	3032	3313	-	Col440II_1	1-282/282	===============	0/0	100.00	98.23	plasmidfinder	CP023921.1	Col440II_1__CP023921.1	
Genome/Hong_Kong_Sal11_19_contigs.fa	NODE_3_length_38767_cov_21.940708	26032	26374	+	IncX3_1	37-374/374	.=======/======	4/5	90.37	80.17	plasmidfinder	JN247852	IncX3_1__JN247852	
Genome/Hong_Kong_Sal11_19_contigs.fa	NODE_3_length_38767_cov_21.940708	27021	27394	+	IncX1_1	1-374/374	===============	0/0	100.00	98.66	plasmidfinder	EU370913	IncX1_1__EU370913	
Genome/Hong_Kong_Sal13_19_contigs.fa	NODE_19_length_50885_cov_11.114017	40578	41220	+	IncFIB(S)_1	1-643/643	===============	0/0	100.00	98.91	plasmidfinder	FN432031	IncFIB(S)_1__FN432031	
Genome/Hong_Kong_Sal13_19_contigs.fa	NODE_27_length_7380_cov_13.914556	3417	3678	+	IncFII(S)_1	1-262/262	===============	0/0	100.00	100.00	plasmidfinder	CP000858	IncFII(S)_1__CP000858	
Genome/Hong_Kong_Sal14_19_contigs.fa	NODE_17_length_83392_cov_18.955878	65467	65608	+	IncI1_1_Alpha	1-142/142	===============	0/0	100.00	100.00	plasmidfinder	AP005147	IncI1_1_Alpha_AP005147	
Genome/Hong_Kong_Sal14_19_contigs.fa	NODE_20_length_75598_cov_18.019385	21187	21563	+	IncX1_4	1-377/377	===============	0/0	100.00	95.76	plasmidfinder	JN935898	IncX1_4__JN935898	
Genome/Hong_Kong_Sal14_19_contigs.fa	NODE_20_length_75598_cov_18.019385	65291	65933	+	IncFIB(S)_1	1-643/643	===============	0/0	100.00	98.91	plasmidfinder	FN432031	IncFIB(S)_1__FN432031	
Genome/Hong_Kong_Sal14_19_contigs.fa	NODE_26_length_7475_cov_12.338470	3428	3689	+	IncFII(S)_1	1-262/262	===============	0/0	100.00	100.00	plasmidfinder	CP000858	IncFII(S)_1__CP000858	
Genome/Hong_Kong_Sal14_19_contigs.fa	NODE_29_length_4159_cov_415.287849	416	617	-	Col8282_1	4-205/207	===============	0/0	97.58	89.60	plasmidfinder	DQ995352	Col8282_1__DQ995352	
Genome/Hong_Kong_Sal18_19_contigs.fa	NODE_19_length_80273_cov_9.025687	9666	10308	-	IncFIB(S)_1	1-643/643	===============	0/0	100.00	98.91	plasmidfinder	FN432031	IncFIB(S)_1__FN432031	
Genome/Hong_Kong_Sal18_19_contigs.fa	NODE_19_length_80273_cov_9.025687	54012	54388	-	IncX1_4	1-377/377	===============	0/0	100.00	95.76	plasmidfinder	JN935898	IncX1_4__JN935898	
Genome/Hong_Kong_Sal18_19_contigs.fa	NODE_30_length_7465_cov_6.579182	3787	4048	-	IncFII(S)_1	1-262/262	===============	0/0	100.00	100.00	plasmidfinder	CP000858	IncFII(S)_1__CP000858	
Genome/Hong_Kong_Sal19_19_contigs.fa	NODE_15_length_50930_cov_11.649008	40623	41265	+	IncFIB(S)_1	1-643/643	===============	0/0	100.00	98.91	plasmidfinder	FN432031	IncFIB(S)_1__FN432031	
Genome/Hong_Kong_Sal19_19_contigs.fa	NODE_19_length_7467_cov_14.266982	3420	3681	+	IncFII(S)_1	1-262/262	===============	0/0	100.00	100.00	plasmidfinder	CP000858	IncFII(S)_1__CP000858	
Genome/Hong_Kong_Sal20_19_contigs.fa	NODE_19_length_54020_cov_23.748624	43240	43882	+	IncFIB(S)_1	1-643/643	===============	0/0	100.00	98.91	plasmidfinder	FN432031	IncFIB(S)_1__FN432031	
Genome/Hong_Kong_Sal20_19_contigs.fa	NODE_26_length_12255_cov_53.408770	6022	6398	+	IncX1_4	1-377/377	===============	0/0	100.00	95.76	plasmidfinder	JN935898	IncX1_4__JN935898	
Genome/Hong_Kong_Sal20_19_contigs.fa	NODE_31_length_7471_cov_26.225724	3787	4048	-	IncFII(S)_1	1-262/262	===============	0/0	100.00	100.00	plasmidfinder	CP000858	IncFII(S)_1__CP000858	
Genome/Hong_Kong_Sal25_19_contigs.fa	NODE_19_length_87786_cov_51.446089	3787	4048	-	IncFII(S)_1	1-262/262	===============	0/0	100.00	100.00	plasmidfinder	CP000858	IncFII(S)_1__CP000858	
Genome/Hong_Kong_Sal25_19_contigs.fa	NODE_19_length_87786_cov_51.446089	33375	33751	+	IncX1_4	1-377/377	===============	0/0	100.00	95.76	plasmidfinder	JN935898	IncX1_4__JN935898	
Genome/Hong_Kong_Sal25_19_contigs.fa	NODE_19_length_87786_cov_51.446089	77479	78121	+	IncFIB(S)_1	1-643/643	===============	0/0	100.00	98.91	plasmidfinder	FN432031	IncFIB(S)_1__FN432031	
Genome/Hong_Kong_Sal26_19_contigs.fa	NODE_20_length_53547_cov_27.082888	43240	43882	+	IncFIB(S)_1	1-643/643	===============	0/0	100.00	98.91	plasmidfinder	FN432031	IncFIB(S)_1__FN432031	
Genome/Hong_Kong_Sal26_19_contigs.fa	NODE_29_length_12255_cov_19.565774	5858	6234	-	IncX1_4	1-377/377	===============	0/0	100.00	95.76	plasmidfinder	JN935898	IncX1_4__JN935898	
Genome/Hong_Kong_Sal26_19_contigs.fa	NODE_33_length_7482_cov_32.642674	3787	4048	-	IncFII(S)_1	1-262/262	===============	0/0	100.00	100.00	plasmidfinder	CP000858	IncFII(S)_1__CP000858	
Genome/Hong_Kong_Sal27_19_contigs.fa	NODE_17_length_53547_cov_22.768169	43240	43882	+	IncFIB(S)_1	1-643/643	===============	0/0	100.00	98.91	plasmidfinder	FN432031	IncFIB(S)_1__FN432031	
Genome/Hong_Kong_Sal27_19_contigs.fa	NODE_23_length_12255_cov_67.601248	6022	6398	+	IncX1_4	1-377/377	===============	0/0	100.00	95.76	plasmidfinder	JN935898	IncX1_4__JN935898	
Genome/Hong_Kong_Sal27_19_contigs.fa	NODE_27_length_7482_cov_22.080756	3787	4048	-	IncFII(S)_1	1-262/262	===============	0/0	100.00	100.00	plasmidfinder	CP000858	IncFII(S)_1__CP000858	
Genome/Hong_Kong_Sal32_19_contigs.fa	NODE_13_length_87786_cov_90.692081	3787	4048	-	IncFII(S)_1	1-262/262	===============	0/0	100.00	100.00	plasmidfinder	CP000858	IncFII(S)_1__CP000858	
Genome/Hong_Kong_Sal32_19_contigs.fa	NODE_13_length_87786_cov_90.692081	33375	33751	+	IncX1_4	1-377/377	===============	0/0	100.00	95.76	plasmidfinder	JN935898	IncX1_4__JN935898	
Genome/Hong_Kong_Sal32_19_contigs.fa	NODE_13_length_87786_cov_90.692081	77479	78121	+	IncFIB(S)_1	1-643/643	===============	0/0	100.00	98.91	plasmidfinder	FN432031	IncFIB(S)_1__FN432031	
Genome/Hong_Kong_Sal35_19_contigs.fa	NODE_13_length_87786_cov_88.695071	9666	10308	-	IncFIB(S)_1	1-643/643	===============	0/0	100.00	98.91	plasmidfinder	FN432031	IncFIB(S)_1__FN432031	
Genome/Hong_Kong_Sal35_19_contigs.fa	NODE_13_length_87786_cov_88.695071	54036	54412	-	IncX1_4	1-377/377	===============	0/0	100.00	95.76	plasmidfinder	JN935898	IncX1_4__JN935898	
Genome/Hong_Kong_Sal35_19_contigs.fa	NODE_13_length_87786_cov_88.695071	83739	84000	+	IncFII(S)_1	1-262/262	===============	0/0	100.00	100.00	plasmidfinder	CP000858	IncFII(S)_1__CP000858	
Genome/Hong_Kong_Sal36_19_contigs.fa	NODE_21_length_80301_cov_56.203430	25890	26266	+	IncX1_4	1-377/377	===============	0/0	100.00	95.76	plasmidfinder	JN935898	IncX1_4__JN935898	
Genome/Hong_Kong_Sal36_19_contigs.fa	NODE_21_length_80301_cov_56.203430	69994	70636	+	IncFIB(S)_1	1-643/643	===============	0/0	100.00	98.91	plasmidfinder	FN432031	IncFIB(S)_1__FN432031	
Genome/Hong_Kong_Sal36_19_contigs.fa	NODE_38_length_7476_cov_65.128531	3429	3690	+	IncFII(S)_1	1-262/262	===============	0/0	100.00	100.00	plasmidfinder	CP000858	IncFII(S)_1__CP000858	
Genome/Hong_Kong_Sal50_19_contigs.fa	NODE_12_length_80309_cov_91.583794	9666	10308	-	IncFIB(S)_1	1-643/643	===============	0/0	100.00	98.91	plasmidfinder	FN432031	IncFIB(S)_1__FN432031	
Genome/Hong_Kong_Sal50_19_contigs.fa	NODE_12_length_80309_cov_91.583794	54036	54412	-	IncX1_4	1-377/377	===============	0/0	100.00	95.76	plasmidfinder	JN935898	IncX1_4__JN935898	
Genome/Hong_Kong_Sal50_19_contigs.fa	NODE_16_length_7478_cov_101.741386	3431	3692	+	IncFII(S)_1	1-262/262	===============	0/0	100.00	100.00	plasmidfinder	CP000858	IncFII(S)_1__CP000858	
Genome/Hong_Kong_Sal50_19_contigs.fa	NODE_17_length_6193_cov_423.861838	5367	5497	+	ColRNAI_1	1-130/130	========/======	1/1	100.00	87.02	plasmidfinder	DQ298019	ColRNAI_1__DQ298019	
Genome/Hong_Kong_Sal52_19_contigs.fa	NODE_13_length_88815_cov_65.407785	25897	26273	+	IncX1_4	1-377/377	===============	0/0	100.00	95.76	plasmidfinder	JN935898	IncX1_4__JN935898	
Genome/Hong_Kong_Sal52_19_contigs.fa	NODE_13_length_88815_cov_65.407785	70001	70643	+	IncFIB(S)_1	1-643/643	===============	0/0	100.00	98.91	plasmidfinder	FN432031	IncFIB(S)_1__FN432031	
Genome/Hong_Kong_Sal52_19_contigs.fa	NODE_13_length_88815_cov_65.407785	85120	85381	-	IncFII(S)_1	1-262/262	===============	0/0	100.00	100.00	plasmidfinder	CP000858	IncFII(S)_1__CP000858	
Genome/Hong_Kong_Sal52_19_contigs.fa	NODE_19_length_5631_cov_328.489737	407	537	-	ColRNAI_1	1-130/130	========/======	1/1	100.00	87.02	plasmidfinder	DQ298019	ColRNAI_1__DQ298019	
Genome/Hong_Kong_Sal53_19_contigs.fa	NODE_21_length_53547_cov_54.956592	43240	43882	+	IncFIB(S)_1	1-643/643	===============	0/0	100.00	98.91	plasmidfinder	FN432031	IncFIB(S)_1__FN432031	
Genome/Hong_Kong_Sal53_19_contigs.fa	NODE_27_length_15124_cov_62.978733	3787	4048	-	IncFII(S)_1	1-262/262	===============	0/0	100.00	100.00	plasmidfinder	CP000858	IncFII(S)_1__CP000858	
Genome/Hong_Kong_Sal53_19_contigs.fa	NODE_28_length_12255_cov_80.630728	5858	6234	-	IncX1_4	1-377/377	===============	0/0	100.00	95.76	plasmidfinder	JN935898	IncX1_4__JN935898	
Genome/Hong_Kong_Sal56_19_contigs.fa	NODE_15_length_80295_cov_60.223329	25884	26260	+	IncX1_4	1-377/377	===============	0/0	100.00	95.76	plasmidfinder	JN935898	IncX1_4__JN935898	
Genome/Hong_Kong_Sal56_19_contigs.fa	NODE_15_length_80295_cov_60.223329	69988	70630	+	IncFIB(S)_1	1-643/643	===============	0/0	100.00	98.91	plasmidfinder	FN432031	IncFIB(S)_1__FN432031	
Genome/Hong_Kong_Sal56_19_contigs.fa	NODE_20_length_7467_cov_53.009202	3787	4048	-	IncFII(S)_1	1-262/262	===============	0/0	100.00	100.00	plasmidfinder	CP000858	IncFII(S)_1__CP000858	
Genome/Hong_Kong_Sal58_19_contigs.fa	NODE_17_length_53485_cov_49.853880	9604	10246	-	IncFIB(S)_1	1-643/643	===============	0/0	100.00	98.91	plasmidfinder	FN432031	IncFIB(S)_1__FN432031	
Genome/Hong_Kong_Sal58_19_contigs.fa	NODE_20_length_12255_cov_75.290113	5858	6234	-	IncX1_4	1-377/377	===============	0/0	100.00	95.76	plasmidfinder	JN935898	IncX1_4__JN935898	
Genome/Hong_Kong_Sal58_19_contigs.fa	NODE_24_length_7600_cov_62.566529	3787	4048	-	IncFII(S)_1	1-262/262	===============	0/0	100.00	100.00	plasmidfinder	CP000858	IncFII(S)_1__CP000858	
Genome/Hong_Kong_Sal61_19_contigs.fa	NODE_11_length_103635_cov_67.943693	9666	10308	-	IncFIB(S)_1	1-643/643	===============	0/0	100.00	98.91	plasmidfinder	FN432031	IncFIB(S)_1__FN432031	
Genome/Hong_Kong_Sal61_19_contigs.fa	NODE_11_length_103635_cov_67.943693	80634	80976	+	IncX3_1	37-374/374	.=======/======	4/5	90.37	80.17	plasmidfinder	JN247852	IncX3_1__JN247852	
Genome/Hong_Kong_Sal61_19_contigs.fa	NODE_11_length_103635_cov_67.943693	81623	81996	+	IncX1_1	1-374/374	===============	0/0	100.00	98.66	plasmidfinder	EU370913	IncX1_1__EU370913	
Genome/Hong_Kong_Sal61_19_contigs.fa	NODE_11_length_103635_cov_67.943693	99588	99849	+	IncFII(S)_1	1-262/262	===============	0/0	100.00	100.00	plasmidfinder	CP000858	IncFII(S)_1__CP000858	
Genome/Hong_Kong_Sal63_19_contigs.fa	NODE_21_length_53547_cov_34.101272	9666	10308	-	IncFIB(S)_1	1-643/643	===============	0/0	100.00	98.91	plasmidfinder	FN432031	IncFIB(S)_1__FN432031	
Genome/Hong_Kong_Sal63_19_contigs.fa	NODE_30_length_12255_cov_53.386435	6022	6398	+	IncX1_4	1-377/377	===============	0/0	100.00	95.76	plasmidfinder	JN935898	IncX1_4__JN935898	
Genome/Hong_Kong_Sal63_19_contigs.fa	NODE_34_length_7480_cov_35.923274	3433	3694	+	IncFII(S)_1	1-262/262	===============	0/0	100.00	100.00	plasmidfinder	CP000858	IncFII(S)_1__CP000858	
Genome/Hong_Kong_Sal64_19_contigs.fa	NODE_20_length_53547_cov_63.805274	43240	43882	+	IncFIB(S)_1	1-643/643	===============	0/0	100.00	98.91	plasmidfinder	FN432031	IncFIB(S)_1__FN432031	
Genome/Hong_Kong_Sal64_19_contigs.fa	NODE_24_length_12255_cov_89.406224	5858	6234	-	IncX1_4	1-377/377	===============	0/0	100.00	95.76	plasmidfinder	JN935898	IncX1_4__JN935898	
Genome/Hong_Kong_Sal64_19_contigs.fa	NODE_28_length_7482_cov_68.669278	3787	4048	-	IncFII(S)_1	1-262/262	===============	0/0	100.00	100.00	plasmidfinder	CP000858	IncFII(S)_1__CP000858	
Genome/Hong_Kong_Sal65_19_contigs.fa	NODE_19_length_53671_cov_23.137198	9666	10308	-	IncFIB(S)_1	1-643/643	===============	0/0	100.00	98.91	plasmidfinder	FN432031	IncFIB(S)_1__FN432031	
Genome/Hong_Kong_Sal65_19_contigs.fa	NODE_21_length_46038_cov_54.826396	41907	42166	-	IncFII(pHN7A8)_1_pHN7A8	1-260/260	===============	0/0	100.00	100.00	plasmidfinder	JN232517	IncFII(pHN7A8)_1_pHN7A8_JN232517	
Genome/Hong_Kong_Sal65_19_contigs.fa	NODE_32_length_7498_cov_29.338095	3787	4048	-	IncFII(S)_1	1-262/262	===============	0/0	100.00	100.00	plasmidfinder	CP000858	IncFII(S)_1__CP000858	
Genome/Hong_Kong_Sal65_19_contigs.fa	NODE_35_length_4679_cov_54.884181	955	1328	-	IncX1_1	1-374/374	===============	0/0	100.00	98.40	plasmidfinder	EU370913	IncX1_1__EU370913	
Genome/Hong_Kong_Sal65_19_contigs.fa	NODE_39_length_2053_cov_8.583502	1501	1693	-	ColpVC_1	1-193/193	===============	0/0	100.00	99.48	plasmidfinder	JX133088	ColpVC_1__JX133088	
Genome/Hong_Kong_Sal66_19_contigs.fa	NODE_15_length_80307_cov_79.220516	9666	10308	-	IncFIB(S)_1	1-643/643	===============	0/0	100.00	98.91	plasmidfinder	FN432031	IncFIB(S)_1__FN432031	
Genome/Hong_Kong_Sal66_19_contigs.fa	NODE_15_length_80307_cov_79.220516	54036	54412	-	IncX1_4	1-377/377	===============	0/0	100.00	95.76	plasmidfinder	JN935898	IncX1_4__JN935898	
Genome/Hong_Kong_Sal66_19_contigs.fa	NODE_25_length_7482_cov_69.888319	3787	4048	-	IncFII(S)_1	1-262/262	===============	0/0	100.00	100.00	plasmidfinder	CP000858	IncFII(S)_1__CP000858	
Genome/Hong_Kong_Sal67_19_contigs.fa	NODE_22_length_53547_cov_37.823546	9666	10308	-	IncFIB(S)_1	1-643/643	===============	0/0	100.00	98.91	plasmidfinder	FN432031	IncFIB(S)_1__FN432031	
Genome/Hong_Kong_Sal67_19_contigs.fa	NODE_26_length_15124_cov_41.911145	3787	4048	-	IncFII(S)_1	1-262/262	===============	0/0	100.00	100.00	plasmidfinder	CP000858	IncFII(S)_1__CP000858	
Genome/Hong_Kong_Sal67_19_contigs.fa	NODE_27_length_12255_cov_94.942684	6022	6398	+	IncX1_4	1-377/377	===============	0/0	100.00	95.76	plasmidfinder	JN935898	IncX1_4__JN935898	
Genome/Hong_Kong_Sal68_19_contigs.fa	NODE_16_length_53547_cov_56.893959	43240	43882	+	IncFIB(S)_1	1-643/643	===============	0/0	100.00	98.91	plasmidfinder	FN432031	IncFIB(S)_1__FN432031	
Genome/Hong_Kong_Sal68_19_contigs.fa	NODE_20_length_12255_cov_189.566924	6022	6398	+	IncX1_4	1-377/377	===============	0/0	100.00	95.76	plasmidfinder	JN935898	IncX1_4__JN935898	
Genome/Hong_Kong_Sal68_19_contigs.fa	NODE_24_length_7471_cov_69.324317	3424	3685	+	IncFII(S)_1	1-262/262	===============	0/0	100.00	100.00	plasmidfinder	CP000858	IncFII(S)_1__CP000858	
Genome/Hong_Kong_Sal69_19_contigs.fa	NODE_18_length_50864_cov_59.485400	9666	10308	-	IncFIB(S)_1	1-643/643	===============	0/0	100.00	98.91	plasmidfinder	FN432031	IncFIB(S)_1__FN432031	
Genome/Hong_Kong_Sal69_19_contigs.fa	NODE_26_length_7481_cov_69.396272	3787	4048	-	IncFII(S)_1	1-262/262	===============	0/0	100.00	100.00	plasmidfinder	CP000858	IncFII(S)_1__CP000858	
Genome/Hong_Kong_Sal6_19_contigs.fa	NODE_15_length_80220_cov_11.246734	9666	10308	-	IncFIB(S)_1	1-643/643	===============	0/0	100.00	98.91	plasmidfinder	FN432031	IncFIB(S)_1__FN432031	
Genome/Hong_Kong_Sal6_19_contigs.fa	NODE_15_length_80220_cov_11.246734	53966	54342	-	IncX1_4	1-377/377	===============	0/0	100.00	95.76	plasmidfinder	JN935898	IncX1_4__JN935898	
Genome/Hong_Kong_Sal6_19_contigs.fa	NODE_17_length_57356_cov_12.633531	4570	4893	-	IncI2_1	1-324/324	===============	0/0	100.00	100.00	plasmidfinder	KP347127	IncI2_1__KP347127	
Genome/Hong_Kong_Sal6_19_contigs.fa	NODE_24_length_7478_cov_11.249966	3787	4048	-	IncFII(S)_1	1-262/262	===============	0/0	100.00	100.00	plasmidfinder	CP000858	IncFII(S)_1__CP000858	
Genome/Hong_Kong_Sal70_19_contigs.fa	NODE_15_length_80308_cov_62.809699	25897	26273	+	IncX1_4	1-377/377	===============	0/0	100.00	95.76	plasmidfinder	JN935898	IncX1_4__JN935898	
Genome/Hong_Kong_Sal70_19_contigs.fa	NODE_15_length_80308_cov_62.809699	70001	70643	+	IncFIB(S)_1	1-643/643	===============	0/0	100.00	98.91	plasmidfinder	FN432031	IncFIB(S)_1__FN432031	
Genome/Hong_Kong_Sal70_19_contigs.fa	NODE_19_length_7482_cov_58.521269	3787	4048	-	IncFII(S)_1	1-262/262	===============	0/0	100.00	100.00	plasmidfinder	CP000858	IncFII(S)_1__CP000858	
Genome/Hong_Kong_Sal70_19_contigs.fa	NODE_21_length_4692_cov_27.238787	1494	1624	-	ColRNAI_1	1-130/130	========/======	1/1	100.00	87.79	plasmidfinder	DQ298019	ColRNAI_1__DQ298019	
Genome/Hong_Kong_Sal72_19_contigs.fa	NODE_14_length_141400_cov_23.718213	39597	39923	-	IncHI2_1	1-327/327	===============	0/0	100.00	100.00	plasmidfinder	BX664015	IncHI2_1__BX664015	
Genome/Hong_Kong_Sal72_19_contigs.fa	NODE_14_length_141400_cov_23.718213	40542	41136	-	RepA_1_pKPC-CAV1321	2-596/596	========/======	2/2	99.66	80.20	plasmidfinder	CP011611	RepA_1_pKPC-CAV1321_CP011611	
Genome/Hong_Kong_Sal72_19_contigs.fa	NODE_14_length_141400_cov_23.718213	54791	55420	+	IncHI2A_1	1-630/630	===============	0/0	100.00	99.52	plasmidfinder	BX664015	IncHI2A_1__BX664015	
Genome/Hong_Kong_Sal72_19_contigs.fa	NODE_22_length_19873_cov_87.949939	10242	10618	-	IncX1_4	1-377/377	===============	0/0	100.00	95.76	plasmidfinder	JN935898	IncX1_4__JN935898	
Genome/Hong_Kong_Sal72_19_contigs.fa	NODE_28_length_7472_cov_37.956863	3425	3686	+	IncFII(S)_1	1-262/262	===============	0/0	100.00	100.00	plasmidfinder	CP000858	IncFII(S)_1__CP000858	
Genome/Hong_Kong_Sal73_19_contigs.fa	NODE_14_length_43382_cov_23.957949	33075	33717	+	IncFIB(S)_1	1-643/643	===============	0/0	100.00	98.91	plasmidfinder	FN432031	IncFIB(S)_1__FN432031	
Genome/Hong_Kong_Sal73_19_contigs.fa	NODE_18_length_24540_cov_72.254425	5858	6234	-	IncX1_4	1-377/377	===============	0/0	100.00	95.76	plasmidfinder	JN935898	IncX1_4__JN935898	
Genome/Hong_Kong_Sal73_19_contigs.fa	NODE_21_length_7474_cov_24.840881	3787	4048	-	IncFII(S)_1	1-262/262	===============	0/0	100.00	100.00	plasmidfinder	CP000858	IncFII(S)_1__CP000858	
Genome/Hong_Kong_Sal75_19_contigs.fa	NODE_15_length_75620_cov_55.503356	21209	21585	+	IncX1_4	1-377/377	===============	0/0	100.00	95.76	plasmidfinder	JN935898	IncX1_4__JN935898	
Genome/Hong_Kong_Sal75_19_contigs.fa	NODE_15_length_75620_cov_55.503356	65313	65955	+	IncFIB(S)_1	1-643/643	===============	0/0	100.00	98.91	plasmidfinder	FN432031	IncFIB(S)_1__FN432031	
Genome/Hong_Kong_Sal75_19_contigs.fa	NODE_20_length_7477_cov_46.256216	3787	4048	-	IncFII(S)_1	1-262/262	===============	0/0	100.00	100.00	plasmidfinder	CP000858	IncFII(S)_1__CP000858	
Genome/Hong_Kong_Sal75_19_contigs.fa	NODE_24_length_4541_cov_25.222670	12	142	+	ColRNAI_1	1-130/130	========/======	1/1	100.00	87.79	plasmidfinder	DQ298019	ColRNAI_1__DQ298019	
Genome/Hong_Kong_Sal75_19_contigs.fa	NODE_31_length_3189_cov_10.794987	12	129	+	ColRNAI_1	1-118/130	==============.	0/0	90.77	89.83	plasmidfinder	DQ298019	ColRNAI_1__DQ298019	
Genome/Hong_Kong_Sal75_19_contigs.fa	NODE_43_length_2109_cov_6.626476	895	1127	-	Col(BS512)_1	1-233/233	===============	0/0	100.00	100.00	plasmidfinder	NC_010656	Col(BS512)_1__NC_010656	
Genome/Hong_Kong_Sal76_19_contigs.fa	NODE_14_length_84097_cov_71.849381	3419	3680	+	IncFII(S)_1	1-262/262	===============	0/0	100.00	100.00	plasmidfinder	CP000858	IncFII(S)_1__CP000858	
Genome/Hong_Kong_Sal76_19_contigs.fa	NODE_14_length_84097_cov_71.849381	18157	18799	-	IncFIB(S)_1	1-643/643	===============	0/0	100.00	98.91	plasmidfinder	FN432031	IncFIB(S)_1__FN432031	
Genome/Hong_Kong_Sal76_19_contigs.fa	NODE_14_length_84097_cov_71.849381	62527	62903	-	IncX1_4	1-377/377	===============	0/0	100.00	95.76	plasmidfinder	JN935898	IncX1_4__JN935898	
Genome/Hong_Kong_Sal77_19_contigs.fa	NODE_20_length_43382_cov_24.657984	9666	10308	-	IncFIB(S)_1	1-643/643	===============	0/0	100.00	98.91	plasmidfinder	FN432031	IncFIB(S)_1__FN432031	
Genome/Hong_Kong_Sal77_19_contigs.fa	NODE_23_length_24540_cov_70.894943	5858	6234	-	IncX1_4	1-377/377	===============	0/0	100.00	95.76	plasmidfinder	JN935898	IncX1_4__JN935898	
Genome/Hong_Kong_Sal77_19_contigs.fa	NODE_27_length_7468_cov_25.580165	3787	4048	-	IncFII(S)_1	1-262/262	===============	0/0	100.00	100.00	plasmidfinder	CP000858	IncFII(S)_1__CP000858	
Genome/Hong_Kong_Sal78_19_contigs.fa	NODE_14_length_89741_cov_180.373216	67924	68065	+	IncI1_1_Alpha	1-142/142	===============	0/0	100.00	99.30	plasmidfinder	AP005147	IncI1_1_Alpha_AP005147	
Genome/Hong_Kong_Sal78_19_contigs.fa	NODE_20_length_35824_cov_160.122500	30624	31000	+	IncX1_4	1-377/377	===============	0/0	100.00	95.76	plasmidfinder	JN935898	IncX1_4__JN935898	
Genome/Hong_Kong_Sal82_19_contigs.fa	NODE_19_length_43382_cov_48.631890	33075	33717	+	IncFIB(S)_1	1-643/643	===============	0/0	100.00	98.91	plasmidfinder	FN432031	IncFIB(S)_1__FN432031	
Genome/Hong_Kong_Sal82_19_contigs.fa	NODE_22_length_24540_cov_124.993051	5858	6234	-	IncX1_4	1-377/377	===============	0/0	100.00	95.76	plasmidfinder	JN935898	IncX1_4__JN935898	
Genome/Hong_Kong_Sal82_19_contigs.fa	NODE_23_length_15124_cov_63.749784	3787	4048	-	IncFII(S)_1	1-262/262	===============	0/0	100.00	100.00	plasmidfinder	CP000858	IncFII(S)_1__CP000858	
Genome/Hong_Kong_Sal82_19_contigs.fa	NODE_26_length_6853_cov_16.313459	6725	6842	-	ColRNAI_1	1-118/130	==============.	0/0	90.77	88.98	plasmidfinder	DQ298019	ColRNAI_1__DQ298019	
Genome/Hong_Kong_Sal82_19_contigs.fa	NODE_29_length_4632_cov_31.910209	12	142	+	ColRNAI_1	1-130/130	========/======	1/1	100.00	87.79	plasmidfinder	DQ298019	ColRNAI_1__DQ298019	
Genome/Hong_Kong_Sal83_19_contigs.fa	NODE_17_length_51439_cov_25.718333	9666	10308	-	IncFIB(S)_1	1-643/643	===============	0/0	100.00	98.91	plasmidfinder	FN432031	IncFIB(S)_1__FN432031	
Genome/Hong_Kong_Sal83_19_contigs.fa	NODE_21_length_12255_cov_69.015766	5858	6234	-	IncX1_4	1-377/377	===============	0/0	100.00	95.76	plasmidfinder	JN935898	IncX1_4__JN935898	
Genome/Hong_Kong_Sal83_19_contigs.fa	NODE_25_length_7471_cov_29.784961	3787	4048	-	IncFII(S)_1	1-262/262	===============	0/0	100.00	100.00	plasmidfinder	CP000858	IncFII(S)_1__CP000858	
Genome/Hong_Kong_Sal85_19_contigs.fa	NODE_24_length_43382_cov_35.993973	33075	33717	+	IncFIB(S)_1	1-643/643	===============	0/0	100.00	98.91	plasmidfinder	FN432031	IncFIB(S)_1__FN432031	
Genome/Hong_Kong_Sal85_19_contigs.fa	NODE_32_length_15952_cov_95.110299	13455	13831	+	IncX1_4	1-377/377	===============	0/0	100.00	95.76	plasmidfinder	JN935898	IncX1_4__JN935898	
Genome/Hong_Kong_Sal85_19_contigs.fa	NODE_37_length_7471_cov_34.713957	3787	4048	-	IncFII(S)_1	1-262/262	===============	0/0	100.00	100.00	plasmidfinder	CP000858	IncFII(S)_1__CP000858	
Genome/Hong_Kong_Sal85_19_contigs.fa	NODE_44_length_3675_cov_1027.683435	970	1100	+	ColRNAI_1	1-130/130	========/======	1/1	100.00	87.79	plasmidfinder	DQ298019	ColRNAI_1__DQ298019	
Genome/Hong_Kong_Sal86_19_contigs.fa	NODE_16_length_66810_cov_83.263977	13691	14067	+	IncX1_4	1-377/377	===============	0/0	100.00	95.76	plasmidfinder	JN935898	IncX1_4__JN935898	
Genome/Hong_Kong_Sal88_19_contigs.fa	NODE_17_length_83306_cov_39.960410	15384	15520	-	IncI_Gamma_1	5-141/141	===============	0/0	97.16	100.00	plasmidfinder	AP011954	IncI_Gamma_1_AP011954	
Genome/Hong_Kong_Sal88_19_contigs.fa	NODE_20_length_50850_cov_31.547614	9666	10308	-	IncFIB(S)_1	1-643/643	===============	0/0	100.00	98.91	plasmidfinder	FN432031	IncFIB(S)_1__FN432031	
Genome/Hong_Kong_Sal88_19_contigs.fa	NODE_28_length_7467_cov_36.701353	3787	4048	-	IncFII(S)_1	1-262/262	===============	0/0	100.00	100.00	plasmidfinder	CP000858	IncFII(S)_1__CP000858	
Genome/Hong_Kong_Sal88_19_contigs.fa	NODE_33_length_2009_cov_529.550725	364	568	-	Col8282_1	1-205/207	===============	0/0	99.03	89.27	plasmidfinder	DQ995352	Col8282_1__DQ995352	
Genome/Hong_Kong_Sal91_19_contigs.fa	NODE_16_length_75699_cov_78.630994	21288	21664	+	IncX1_4	1-377/377	===============	0/0	100.00	95.76	plasmidfinder	JN935898	IncX1_4__JN935898	
Genome/Hong_Kong_Sal91_19_contigs.fa	NODE_16_length_75699_cov_78.630994	65392	66034	+	IncFIB(S)_1	1-643/643	===============	0/0	100.00	98.91	plasmidfinder	FN432031	IncFIB(S)_1__FN432031	
Genome/Hong_Kong_Sal91_19_contigs.fa	NODE_23_length_7473_cov_61.076933	3787	4048	-	IncFII(S)_1	1-262/262	===============	0/0	100.00	100.00	plasmidfinder	CP000858	IncFII(S)_1__CP000858	
Genome/Hong_Kong_Sal93_19_contigs.fa	NODE_14_length_80307_cov_105.142565	25896	26272	+	IncX1_4	1-377/377	===============	0/0	100.00	95.76	plasmidfinder	JN935898	IncX1_4__JN935898	
Genome/Hong_Kong_Sal93_19_contigs.fa	NODE_14_length_80307_cov_105.142565	70000	70642	+	IncFIB(S)_1	1-643/643	===============	0/0	100.00	98.91	plasmidfinder	FN432031	IncFIB(S)_1__FN432031	
Genome/Hong_Kong_Sal93_19_contigs.fa	NODE_20_length_7480_cov_88.200189	3787	4048	-	IncFII(S)_1	1-262/262	===============	0/0	100.00	100.00	plasmidfinder	CP000858	IncFII(S)_1__CP000858	
Genome/Hong_Kong_Sal94_19_contigs.fa	NODE_19_length_43382_cov_28.143101	33075	33717	+	IncFIB(S)_1	1-643/643	===============	0/0	100.00	98.91	plasmidfinder	FN432031	IncFIB(S)_1__FN432031	
Genome/Hong_Kong_Sal94_19_contigs.fa	NODE_22_length_23016_cov_146.534984	5858	6234	-	IncX1_4	1-377/377	===============	0/0	100.00	95.76	plasmidfinder	JN935898	IncX1_4__JN935898	
Genome/Hong_Kong_Sal94_19_contigs.fa	NODE_23_length_15124_cov_31.627700	11077	11338	+	IncFII(S)_1	1-262/262	===============	0/0	100.00	100.00	plasmidfinder	CP000858	IncFII(S)_1__CP000858	
Genome/Hong_Kong_Sal98_19_contigs.fa	NODE_15_length_80238_cov_87.336610	9604	10246	-	IncFIB(S)_1	1-643/643	===============	0/0	100.00	98.91	plasmidfinder	FN432031	IncFIB(S)_1__FN432031	
Genome/Hong_Kong_Sal98_19_contigs.fa	NODE_15_length_80238_cov_87.336610	53974	54350	-	IncX1_4	1-377/377	===============	0/0	100.00	95.76	plasmidfinder	JN935898	IncX1_4__JN935898	
Genome/Hong_Kong_Sal98_19_contigs.fa	NODE_19_length_7476_cov_71.785512	3429	3690	+	IncFII(S)_1	1-262/262	===============	0/0	100.00	100.00	plasmidfinder	CP000858	IncFII(S)_1__CP000858	
Genome/Hong_Kong_Sal99_19_contigs.fa	NODE_18_length_75611_cov_73.925729	21200	21576	+	IncX1_4	1-377/377	===============	0/0	100.00	95.76	plasmidfinder	JN935898	IncX1_4__JN935898	
Genome/Hong_Kong_Sal99_19_contigs.fa	NODE_18_length_75611_cov_73.925729	65304	65946	+	IncFIB(S)_1	1-643/643	===============	0/0	100.00	98.91	plasmidfinder	FN432031	IncFIB(S)_1__FN432031	
Genome/Hong_Kong_Sal99_19_contigs.fa	NODE_24_length_7514_cov_64.693425	3787	4048	-	IncFII(S)_1	1-262/262	===============	0/0	100.00	100.00	plasmidfinder	CP000858	IncFII(S)_1__CP000858	
Genome/Mainland_China_GCA_023606685.fna	JALJFH010000012.1	9700	10342	-	IncFIB(S)_1	1-643/643	===============	0/0	100.00	98.91	plasmidfinder	FN432031	IncFIB(S)_1__FN432031	
Genome/Mainland_China_GCA_023606685.fna	JALJFH010000012.1	54070	54446	-	IncX1_4	1-377/377	===============	0/0	100.00	95.76	plasmidfinder	JN935898	IncX1_4__JN935898	
Genome/Mainland_China_GCA_023606685.fna	JALJFH010000012.1	83773	84034	+	IncFII(S)_1	1-262/262	===============	0/0	100.00	100.00	plasmidfinder	CP000858	IncFII(S)_1__CP000858	
Genome/Mainland_China_GCA_023606785.fna	JALJFO010000012.1	9700	10342	-	IncFIB(S)_1	1-643/643	===============	0/0	100.00	98.91	plasmidfinder	FN432031	IncFIB(S)_1__FN432031	
Genome/Mainland_China_GCA_023606785.fna	JALJFO010000012.1	54070	54446	-	IncX1_4	1-377/377	===============	0/0	100.00	95.76	plasmidfinder	JN935898	IncX1_4__JN935898	
Genome/Mainland_China_GCA_023606785.fna	JALJFO010000012.1	83773	84034	+	IncFII(S)_1	1-262/262	===============	0/0	100.00	100.00	plasmidfinder	CP000858	IncFII(S)_1__CP000858	
Genome/Mainland_China_GCA_023606825.fna	JALJFT010000012.1	1927	2188	-	IncFII(S)_1	1-262/262	===============	0/0	100.00	100.00	plasmidfinder	CP000858	IncFII(S)_1__CP000858	
Genome/Mainland_China_GCA_023606825.fna	JALJFT010000012.1	31515	31891	+	IncX1_4	1-377/377	===============	0/0	100.00	95.76	plasmidfinder	JN935898	IncX1_4__JN935898	
Genome/Mainland_China_GCA_023606825.fna	JALJFT010000012.1	75619	76261	+	IncFIB(S)_1	1-643/643	===============	0/0	100.00	98.91	plasmidfinder	FN432031	IncFIB(S)_1__FN432031	
Genome/Mainland_China_GCA_023606845.fna	JALJFU010000014.1	9700	10342	-	IncFIB(S)_1	1-643/643	===============	0/0	100.00	98.91	plasmidfinder	FN432031	IncFIB(S)_1__FN432031	
Genome/Mainland_China_GCA_023606845.fna	JALJFU010000017.1	5892	6268	-	IncX1_4	1-377/377	===============	0/0	100.00	95.76	plasmidfinder	JN935898	IncX1_4__JN935898	
Genome/Mainland_China_GCA_023606845.fna	JALJFU010000018.1	11111	11372	+	IncFII(S)_1	1-262/262	===============	0/0	100.00	100.00	plasmidfinder	CP000858	IncFII(S)_1__CP000858	
Genome/Mainland_China_GCA_023606965.fna	JALJFY010000013.1	9700	10342	-	IncFIB(S)_1	1-643/643	===============	0/0	100.00	98.91	plasmidfinder	FN432031	IncFIB(S)_1__FN432031	
Genome/Mainland_China_GCA_023606965.fna	JALJFY010000013.1	54070	54446	-	IncX1_4	1-377/377	===============	0/0	100.00	95.76	plasmidfinder	JN935898	IncX1_4__JN935898	
Genome/Mainland_China_GCA_023606965.fna	JALJFY010000017.1	11111	11372	+	IncFII(S)_1	1-262/262	===============	0/0	100.00	100.00	plasmidfinder	CP000858	IncFII(S)_1__CP000858	
Genome/Mainland_China_GCA_023606965.fna	JALJFY010000019.1	2073	2192	-	ColRNAI_1	13-130/130	.=======/======	2/2	90.77	89.17	plasmidfinder	DQ298019	ColRNAI_1__DQ298019	
Genome/Mainland_China_GCA_023607115.fna	JALJGH010000013.1	9700	10342	-	IncFIB(S)_1	1-643/643	===============	0/0	100.00	98.91	plasmidfinder	FN432031	IncFIB(S)_1__FN432031	
Genome/Mainland_China_GCA_023607115.fna	JALJGH010000013.1	54334	54595	+	IncFII(S)_1	1-262/262	===============	0/0	100.00	100.00	plasmidfinder	CP000858	IncFII(S)_1__CP000858	
Genome/Mainland_China_GCA_023607115.fna	JALJGH010000014.1	17310	17683	-	IncX1_1	1-374/374	===============	0/0	100.00	98.66	plasmidfinder	EU370913	IncX1_1__EU370913	
Genome/Mainland_China_GCA_023607115.fna	JALJGH010000014.1	18330	18672	-	IncX3_1	37-374/374	.=======/======	4/5	90.37	80.17	plasmidfinder	JN247852	IncX3_1__JN247852	
Genome/Mainland_China_GCA_023607115.fna	JALJGH010000018.1	6413	6564	+	Col156_1	1-152/154	===============	0/0	98.70	98.03	plasmidfinder	NC_009781	Col156_1__NC_009781	
Genome/Mainland_China_GCA_023607125.fna	JALJGG010000014.1	9700	10342	-	IncFIB(S)_1	1-643/643	===============	0/0	100.00	98.91	plasmidfinder	FN432031	IncFIB(S)_1__FN432031	
Genome/Mainland_China_GCA_023607125.fna	JALJGG010000017.1	9292	9668	+	IncX1_4	1-377/377	===============	0/0	100.00	95.76	plasmidfinder	JN935898	IncX1_4__JN935898	
Genome/Mainland_China_GCA_023607125.fna	JALJGG010000018.1	11111	11372	+	IncFII(S)_1	1-262/262	===============	0/0	100.00	100.00	plasmidfinder	CP000858	IncFII(S)_1__CP000858	
Genome/Mainland_China_GCA_023607405.fna	JALJGX010000013.1	9700	10342	-	IncFIB(S)_1	1-643/643	===============	0/0	100.00	98.91	plasmidfinder	FN432031	IncFIB(S)_1__FN432031	
Genome/Mainland_China_GCA_023607405.fna	JALJGX010000013.1	59289	59550	+	IncFII(S)_1	1-262/262	===============	0/0	100.00	100.00	plasmidfinder	CP000858	IncFII(S)_1__CP000858	
Genome/Mainland_China_GCA_023607405.fna	JALJGX010000017.1	4215	4345	+	ColRNAI_1	1-130/130	========/======	1/1	100.00	87.02	plasmidfinder	DQ298019	ColRNAI_1__DQ298019	
Genome/Mainland_China_GCA_023607435.fna	JALJGW010000014.1	9700	10342	-	IncFIB(S)_1	1-643/643	===============	0/0	100.00	98.91	plasmidfinder	FN432031	IncFIB(S)_1__FN432031	
Genome/Mainland_China_GCA_023607435.fna	JALJGW010000017.1	18341	18717	+	IncX1_4	1-377/377	===============	0/0	100.00	95.76	plasmidfinder	JN935898	IncX1_4__JN935898	
Genome/Mainland_China_GCA_023607435.fna	JALJGW010000018.1	11111	11372	+	IncFII(S)_1	1-262/262	===============	0/0	100.00	100.00	plasmidfinder	CP000858	IncFII(S)_1__CP000858	
Genome/Mainland_China_GCA_023607465.fna	JALJGU010000012.1	57386	57527	+	IncI1_1_Alpha	1-142/142	===============	0/0	100.00	99.30	plasmidfinder	AP005147	IncI1_1_Alpha_AP005147	
Genome/Mainland_China_GCA_023607465.fna	JALJGU010000014.1	9700	10342	-	IncFIB(S)_1	1-643/643	===============	0/0	100.00	98.91	plasmidfinder	FN432031	IncFIB(S)_1__FN432031	
Genome/Mainland_China_GCA_023607465.fna	JALJGU010000014.1	54333	54594	+	IncFII(S)_1	1-262/262	===============	0/0	100.00	100.00	plasmidfinder	CP000858	IncFII(S)_1__CP000858	
Genome/Mainland_China_GCA_023607505.fna	JALJHB010000013.1	9700	10342	-	IncFIB(S)_1	1-643/643	===============	0/0	100.00	98.91	plasmidfinder	FN432031	IncFIB(S)_1__FN432031	
Genome/Mainland_China_GCA_023607505.fna	JALJHB010000013.1	54334	54595	+	IncFII(S)_1	1-262/262	===============	0/0	100.00	100.00	plasmidfinder	CP000858	IncFII(S)_1__CP000858	
Genome/Mainland_China_GCA_023607525.fna	JALJHA010000015.1	22254	22630	-	IncX1_4	1-377/377	===============	0/0	100.00	95.76	plasmidfinder	JN935898	IncX1_4__JN935898	
Genome/Mainland_China_GCA_023607565.fna	JALJHC010000012.1	1927	2188	-	IncFII(S)_1	1-262/262	===============	0/0	100.00	100.00	plasmidfinder	CP000858	IncFII(S)_1__CP000858	
Genome/Mainland_China_GCA_023607565.fna	JALJHC010000012.1	31515	31891	+	IncX1_4	1-377/377	===============	0/0	100.00	95.76	plasmidfinder	JN935898	IncX1_4__JN935898	
Genome/Mainland_China_GCA_023607565.fna	JALJHC010000012.1	75619	76261	+	IncFIB(S)_1	1-643/643	===============	0/0	100.00	98.91	plasmidfinder	FN432031	IncFIB(S)_1__FN432031	
Genome/Mainland_China_GCA_023607605.fna	JALJHE010000013.1	9700	10342	-	IncFIB(S)_1	1-643/643	===============	0/0	100.00	98.91	plasmidfinder	FN432031	IncFIB(S)_1__FN432031	
Genome/Mainland_China_GCA_023607605.fna	JALJHE010000013.1	54334	54595	+	IncFII(S)_1	1-262/262	===============	0/0	100.00	100.00	plasmidfinder	CP000858	IncFII(S)_1__CP000858	
Genome/Mainland_China_GCA_023607645.fna	JALJHF010000014.1	9700	10342	-	IncFIB(S)_1	1-643/643	===============	0/0	100.00	98.91	plasmidfinder	FN432031	IncFIB(S)_1__FN432031	
Genome/Mainland_China_GCA_023607645.fna	JALJHF010000017.1	5892	6268	-	IncX1_4	1-377/377	===============	0/0	100.00	95.76	plasmidfinder	JN935898	IncX1_4__JN935898	
Genome/Mainland_China_GCA_023607645.fna	JALJHF010000018.1	11111	11372	+	IncFII(S)_1	1-262/262	===============	0/0	100.00	100.00	plasmidfinder	CP000858	IncFII(S)_1__CP000858	
Genome/Mainland_China_GCA_023607785.fna	JALJHM010000016.1	9700	10342	-	IncFIB(S)_1	1-643/643	===============	0/0	100.00	98.91	plasmidfinder	FN432031	IncFIB(S)_1__FN432031	
Genome/Mainland_China_GCA_023607785.fna	JALJHM010000019.1	5892	6268	-	IncX1_4	1-377/377	===============	0/0	100.00	95.76	plasmidfinder	JN935898	IncX1_4__JN935898	
Genome/Mainland_China_GCA_023607785.fna	JALJHM010000020.1	11111	11372	+	IncFII(S)_1	1-262/262	===============	0/0	100.00	100.00	plasmidfinder	CP000858	IncFII(S)_1__CP000858	
Genome/Mainland_China_GCA_023607785.fna	JALJHM010000032.1	1095	1287	-	ColpVC_1	1-193/193	===============	0/0	100.00	98.96	plasmidfinder	JX133088	ColpVC_1__JX133088	
Genome/Mainland_China_GCA_023607925.fna	JALJHU010000013.1	9700	10342	-	IncFIB(S)_1	1-643/643	===============	0/0	100.00	98.91	plasmidfinder	FN432031	IncFIB(S)_1__FN432031	
Genome/Mainland_China_GCA_023607925.fna	JALJHU010000013.1	54334	54595	+	IncFII(S)_1	1-262/262	===============	0/0	100.00	100.00	plasmidfinder	CP000858	IncFII(S)_1__CP000858	
Genome/Mainland_China_GCA_023607925.fna	JALJHU010000014.1	237	579	+	IncX3_1	37-374/374	.=======/======	4/5	90.37	80.17	plasmidfinder	JN247852	IncX3_1__JN247852	
Genome/Mainland_China_GCA_023607925.fna	JALJHU010000014.1	1226	1599	+	IncX1_1	1-374/374	===============	0/0	100.00	98.66	plasmidfinder	EU370913	IncX1_1__EU370913	
Genome/Mainland_China_GCA_023608005.fna	JALJHX010000017.1	22254	22630	-	IncX1_4	1-377/377	===============	0/0	100.00	95.76	plasmidfinder	JN935898	IncX1_4__JN935898	
Genome/Mainland_China_GCA_023608025.fna	JALJIA010000013.1	9700	10342	-	IncFIB(S)_1	1-643/643	===============	0/0	100.00	98.91	plasmidfinder	FN432031	IncFIB(S)_1__FN432031	
Genome/Mainland_China_GCA_023608025.fna	JALJIA010000013.1	54070	54446	-	IncX1_4	1-377/377	===============	0/0	100.00	95.76	plasmidfinder	JN935898	IncX1_4__JN935898	
Genome/Mainland_China_GCA_023608025.fna	JALJIA010000013.1	83773	84034	+	IncFII(S)_1	1-262/262	===============	0/0	100.00	100.00	plasmidfinder	CP000858	IncFII(S)_1__CP000858	
Genome/Mainland_China_GCA_023608035.fna	JALJHZ010000012.1	1927	2188	-	IncFII(S)_1	1-262/262	===============	0/0	100.00	100.00	plasmidfinder	CP000858	IncFII(S)_1__CP000858	
Genome/Mainland_China_GCA_023608035.fna	JALJHZ010000012.1	31515	31891	+	IncX1_4	1-377/377	===============	0/0	100.00	95.76	plasmidfinder	JN935898	IncX1_4__JN935898	
Genome/Mainland_China_GCA_023608035.fna	JALJHZ010000012.1	75619	76261	+	IncFIB(S)_1	1-643/643	===============	0/0	100.00	98.91	plasmidfinder	FN432031	IncFIB(S)_1__FN432031	
Genome/Mainland_China_GCA_023608125.fna	JALJID010000014.1	9700	10342	-	IncFIB(S)_1	1-643/643	===============	0/0	100.00	98.91	plasmidfinder	FN432031	IncFIB(S)_1__FN432031	
Genome/Mainland_China_GCA_023608125.fna	JALJID010000017.1	5892	6268	-	IncX1_4	1-377/377	===============	0/0	100.00	95.76	plasmidfinder	JN935898	IncX1_4__JN935898	
Genome/Mainland_China_GCA_023608125.fna	JALJID010000018.1	1927	2188	-	IncFII(S)_1	1-262/262	===============	0/0	100.00	100.00	plasmidfinder	CP000858	IncFII(S)_1__CP000858	
Genome/Mainland_China_GCA_023608205.fna	JALJIK010000013.1	1927	2188	-	IncFII(S)_1	1-262/262	===============	0/0	100.00	100.00	plasmidfinder	CP000858	IncFII(S)_1__CP000858	
Genome/Mainland_China_GCA_023608205.fna	JALJIK010000013.1	46180	46822	+	IncFIB(S)_1	1-643/643	===============	0/0	100.00	98.91	plasmidfinder	FN432031	IncFIB(S)_1__FN432031	
Genome/Mainland_China_GCA_023608205.fna	JALJIK010000014.1	5963	6305	+	IncX3_1	37-374/374	.=======/======	4/5	90.37	80.17	plasmidfinder	JN247852	IncX3_1__JN247852	
Genome/Mainland_China_GCA_023608205.fna	JALJIK010000014.1	6952	7325	+	IncX1_1	1-374/374	===============	0/0	100.00	98.66	plasmidfinder	EU370913	IncX1_1__EU370913	
Genome/South_Africa_GCA_015857065.fna	DACRGN010000016.1	4416	4677	-	IncFII(S)_1	1-262/262	===============	0/0	100.00	100.00	plasmidfinder	CP000858	IncFII(S)_1__CP000858	
Genome/South_Africa_GCA_015857065.fna	DACRGN010000016.1	48668	49310	+	IncFIB(S)_1	1-643/643	===============	0/0	100.00	98.91	plasmidfinder	FN432031	IncFIB(S)_1__FN432031	
Genome/South_Africa_GCA_015857345.fna	DACRFB010000012.1	5032	5293	-	IncFII(S)_1	1-262/262	===============	0/0	100.00	100.00	plasmidfinder	CP000858	IncFII(S)_1__CP000858	
Genome/South_Africa_GCA_015857345.fna	DACRFB010000012.1	49284	49926	+	IncFIB(S)_1	1-643/643	===============	0/0	100.00	98.91	plasmidfinder	FN432031	IncFIB(S)_1__FN432031	
Genome/South_Africa_GCA_015857565.fna	DACRFD010000012.1	5032	5293	-	IncFII(S)_1	1-262/262	===============	0/0	100.00	100.00	plasmidfinder	CP000858	IncFII(S)_1__CP000858	
Genome/South_Africa_GCA_015857565.fna	DACRFD010000012.1	49284	49926	+	IncFIB(S)_1	1-643/643	===============	0/0	100.00	98.91	plasmidfinder	FN432031	IncFIB(S)_1__FN432031	
Genome/South_Africa_GCA_015857805.fna	DACRFZ010000013.1	5032	5293	-	IncFII(S)_1	1-262/262	===============	0/0	100.00	100.00	plasmidfinder	CP000858	IncFII(S)_1__CP000858	
Genome/South_Africa_GCA_015857805.fna	DACRFZ010000013.1	49285	49927	+	IncFIB(S)_1	1-643/643	===============	0/0	100.00	98.91	plasmidfinder	FN432031	IncFIB(S)_1__FN432031	
Genome/South_Africa_GCA_015857815.fna	DACRFY010000015.1	4416	4677	-	IncFII(S)_1	1-262/262	===============	0/0	100.00	100.00	plasmidfinder	CP000858	IncFII(S)_1__CP000858	
Genome/South_Africa_GCA_015857815.fna	DACRFY010000015.1	48669	49311	+	IncFIB(S)_1	1-643/643	===============	0/0	100.00	98.91	plasmidfinder	FN432031	IncFIB(S)_1__FN432031	
Genome/South_Africa_GCA_015857885.fna	DACRGO010000012.1	5032	5293	-	IncFII(S)_1	1-262/262	===============	0/0	100.00	100.00	plasmidfinder	CP000858	IncFII(S)_1__CP000858	
Genome/South_Africa_GCA_015857885.fna	DACRGO010000012.1	49285	49927	+	IncFIB(S)_1	1-643/643	===============	0/0	100.00	98.91	plasmidfinder	FN432031	IncFIB(S)_1__FN432031	
Genome/South_Africa_GCA_015857965.fna	DACRFW010000018.1	1777	2038	-	IncFII(S)_1	1-262/262	===============	0/0	100.00	100.00	plasmidfinder	CP000858	IncFII(S)_1__CP000858	
Genome/South_Africa_GCA_015857965.fna	DACRFW010000018.1	46029	46671	+	IncFIB(S)_1	1-643/643	===============	0/0	100.00	98.91	plasmidfinder	FN432031	IncFIB(S)_1__FN432031	
Genome/South_Africa_GCA_015858025.fna	DACRFX010000012.1	5032	5293	-	IncFII(S)_1	1-262/262	===============	0/0	100.00	100.00	plasmidfinder	CP000858	IncFII(S)_1__CP000858	
Genome/South_Africa_GCA_015858025.fna	DACRFX010000012.1	49285	49927	+	IncFIB(S)_1	1-643/643	===============	0/0	100.00	98.91	plasmidfinder	FN432031	IncFIB(S)_1__FN432031	
Genome/South_Africa_GCA_015858085.fna	DACRFV010000015.1	4416	4677	-	IncFII(S)_1	1-262/262	===============	0/0	100.00	100.00	plasmidfinder	CP000858	IncFII(S)_1__CP000858	
Genome/South_Africa_GCA_015858085.fna	DACRFV010000015.1	48669	49311	+	IncFIB(S)_1	1-643/643	===============	0/0	100.00	98.91	plasmidfinder	FN432031	IncFIB(S)_1__FN432031	
Genome/South_Africa_GCA_015858125.fna	DACRFT010000015.1	4416	4677	-	IncFII(S)_1	1-262/262	===============	0/0	100.00	100.00	plasmidfinder	CP000858	IncFII(S)_1__CP000858	
Genome/South_Africa_GCA_015858125.fna	DACRFT010000015.1	48668	49310	+	IncFIB(S)_1	1-643/643	===============	0/0	100.00	98.91	plasmidfinder	FN432031	IncFIB(S)_1__FN432031	
Genome/South_Africa_GCA_015858145.fna	DACRFU010000016.1	4416	4677	-	IncFII(S)_1	1-262/262	===============	0/0	100.00	100.00	plasmidfinder	CP000858	IncFII(S)_1__CP000858	
Genome/South_Africa_GCA_015858145.fna	DACRFU010000016.1	48668	49310	+	IncFIB(S)_1	1-643/643	===============	0/0	100.00	98.91	plasmidfinder	FN432031	IncFIB(S)_1__FN432031	
Genome/South_Africa_GCA_015858165.fna	DACRGP010000015.1	4416	4677	-	IncFII(S)_1	1-262/262	===============	0/0	100.00	100.00	plasmidfinder	CP000858	IncFII(S)_1__CP000858	
Genome/South_Africa_GCA_015858165.fna	DACRGP010000015.1	48669	49311	+	IncFIB(S)_1	1-643/643	===============	0/0	100.00	98.91	plasmidfinder	FN432031	IncFIB(S)_1__FN432031	
Genome/South_Africa_GCA_015858325.fna	DACRHH010000011.1	5032	5293	-	IncFII(S)_1	1-262/262	===============	0/0	100.00	100.00	plasmidfinder	CP000858	IncFII(S)_1__CP000858	
Genome/South_Africa_GCA_015858325.fna	DACRHH010000011.1	49284	49926	+	IncFIB(S)_1	1-643/643	===============	0/0	100.00	98.91	plasmidfinder	FN432031	IncFIB(S)_1__FN432031	
Genome/South_Africa_GCA_015858345.fna	DACRHJ010000013.1	5032	5293	-	IncFII(S)_1	1-262/262	===============	0/0	100.00	100.00	plasmidfinder	CP000858	IncFII(S)_1__CP000858	
Genome/South_Africa_GCA_015858345.fna	DACRHJ010000013.1	49285	49927	+	IncFIB(S)_1	1-643/643	===============	0/0	100.00	98.91	plasmidfinder	FN432031	IncFIB(S)_1__FN432031	
Genome/South_Africa_GCA_015858425.fna	DACRHO010000017.1	4416	4677	-	IncFII(S)_1	1-262/262	===============	0/0	100.00	100.00	plasmidfinder	CP000858	IncFII(S)_1__CP000858	
Genome/South_Africa_GCA_015858425.fna	DACRHO010000017.1	48668	49310	+	IncFIB(S)_1	1-643/643	===============	0/0	100.00	98.91	plasmidfinder	FN432031	IncFIB(S)_1__FN432031	
Genome/South_Africa_GCA_015858465.fna	DACRHQ010000012.1	5032	5293	-	IncFII(S)_1	1-262/262	===============	0/0	100.00	100.00	plasmidfinder	CP000858	IncFII(S)_1__CP000858	
Genome/South_Africa_GCA_015858465.fna	DACRHQ010000012.1	49285	49927	+	IncFIB(S)_1	1-643/643	===============	0/0	100.00	98.91	plasmidfinder	FN432031	IncFIB(S)_1__FN432031	
Genome/South_Africa_GCA_015858525.fna	DACRHI010000013.1	40542	41184	+	IncFIB(S)_1	1-643/643	===============	0/0	100.00	98.91	plasmidfinder	FN432031	IncFIB(S)_1__FN432031	
Genome/South_Africa_GCA_015858525.fna	DACRHI010000016.1	3395	3656	+	IncFII(S)_1	1-262/262	===============	0/0	100.00	100.00	plasmidfinder	CP000858	IncFII(S)_1__CP000858	
Genome/South_Africa_GCA_015858565.fna	DACRHL010000013.1	5032	5293	-	IncFII(S)_1	1-262/262	===============	0/0	100.00	100.00	plasmidfinder	CP000858	IncFII(S)_1__CP000858	
Genome/South_Africa_GCA_015858565.fna	DACRHL010000013.1	49285	49927	+	IncFIB(S)_1	1-643/643	===============	0/0	100.00	98.91	plasmidfinder	FN432031	IncFIB(S)_1__FN432031	
Genome/South_Africa_GCA_015858585.fna	DACRHP010000012.1	5032	5293	-	IncFII(S)_1	1-262/262	===============	0/0	100.00	100.00	plasmidfinder	CP000858	IncFII(S)_1__CP000858	
Genome/South_Africa_GCA_015858585.fna	DACRHP010000012.1	49285	49927	+	IncFIB(S)_1	1-643/643	===============	0/0	100.00	98.91	plasmidfinder	FN432031	IncFIB(S)_1__FN432031	
Genome/South_Africa_GCA_015858665.fna	DACRHM010000016.1	4416	4677	-	IncFII(S)_1	1-262/262	===============	0/0	100.00	100.00	plasmidfinder	CP000858	IncFII(S)_1__CP000858	
Genome/South_Africa_GCA_015858665.fna	DACRHM010000016.1	48669	49311	+	IncFIB(S)_1	1-643/643	===============	0/0	100.00	98.91	plasmidfinder	FN432031	IncFIB(S)_1__FN432031	
Genome/South_Africa_GCA_015858675.fna	DACRHN010000012.1	5032	5293	-	IncFII(S)_1	1-262/262	===============	0/0	100.00	100.00	plasmidfinder	CP000858	IncFII(S)_1__CP000858	
Genome/South_Africa_GCA_015858675.fna	DACRHN010000012.1	49285	49927	+	IncFIB(S)_1	1-643/643	===============	0/0	100.00	98.91	plasmidfinder	FN432031	IncFIB(S)_1__FN432031	
Genome/South_Africa_GCA_015858765.fna	DACRHK010000015.1	4416	4677	-	IncFII(S)_1	1-262/262	===============	0/0	100.00	100.00	plasmidfinder	CP000858	IncFII(S)_1__CP000858	
Genome/South_Africa_GCA_015858765.fna	DACRHK010000015.1	48669	49311	+	IncFIB(S)_1	1-643/643	===============	0/0	100.00	98.91	plasmidfinder	FN432031	IncFIB(S)_1__FN432031	
Genome/South_Africa_GCA_015858845.fna	DACRIA010000016.1	40566	41208	+	IncFIB(S)_1	1-643/643	===============	0/0	100.00	98.91	plasmidfinder	FN432031	IncFIB(S)_1__FN432031	
Genome/South_Africa_GCA_015858845.fna	DACRIA010000020.1	3439	3700	+	IncFII(S)_1	1-262/262	===============	0/0	100.00	100.00	plasmidfinder	CP000858	IncFII(S)_1__CP000858	
Genome/South_Africa_GCA_015859065.fna	DACRHW010000012.1	5032	5293	-	IncFII(S)_1	1-262/262	===============	0/0	100.00	100.00	plasmidfinder	CP000858	IncFII(S)_1__CP000858	
Genome/South_Africa_GCA_015859065.fna	DACRHW010000012.1	49285	49927	+	IncFIB(S)_1	1-643/643	===============	0/0	100.00	98.91	plasmidfinder	FN432031	IncFIB(S)_1__FN432031	
Genome/South_Africa_GCA_015860085.fna	DACRIC010000018.1	4416	4677	-	IncFII(S)_1	1-262/262	===============	0/0	100.00	100.00	plasmidfinder	CP000858	IncFII(S)_1__CP000858	
Genome/South_Africa_GCA_015860085.fna	DACRIC010000018.1	48668	49310	+	IncFIB(S)_1	1-643/643	===============	0/0	100.00	98.91	plasmidfinder	FN432031	IncFIB(S)_1__FN432031	
Genome/Taiwan_GCA_010253615.fna	DAAPZG010000012.1	40540	41182	+	IncFIB(S)_1	1-643/643	===============	0/0	100.00	98.91	plasmidfinder	FN432031	IncFIB(S)_1__FN432031	
Genome/Taiwan_GCA_010253615.fna	DAAPZG010000016.1	3390	3651	+	IncFII(S)_1	1-262/262	===============	0/0	100.00	100.00	plasmidfinder	CP000858	IncFII(S)_1__CP000858	
Genome/Taiwan_GCA_010253615.fna	DAAPZG010000018.1	5135	5327	+	Col(Ye4449)_1	1-193/194	===============	0/0	99.48	80.31	plasmidfinder	FJ696405	Col(Ye4449)_1__FJ696405	
Genome/Taiwan_GCA_010253615.fna	DAAPZG010000020.1	1621	1751	+	ColRNAI_1	1-130/130	========/======	1/1	100.00	87.79	plasmidfinder	DQ298019	ColRNAI_1__DQ298019	
Genome/Taiwan_GCA_010254655.fna	DAAQBF010000013.1	40532	41174	+	IncFIB(S)_1	1-643/643	===============	0/0	100.00	98.91	plasmidfinder	FN432031	IncFIB(S)_1__FN432031	
Genome/Taiwan_GCA_010254655.fna	DAAQBF010000016.1	3404	3665	+	IncFII(S)_1	1-262/262	===============	0/0	100.00	100.00	plasmidfinder	CP000858	IncFII(S)_1__CP000858	
Genome/Taiwan_GCA_010254655.fna	DAAQBF010000018.1	5135	5327	+	Col(Ye4449)_1	1-193/194	===============	0/0	99.48	80.31	plasmidfinder	FJ696405	Col(Ye4449)_1__FJ696405	
Genome/Taiwan_GCA_010254655.fna	DAAQBF010000020.1	1622	1752	+	ColRNAI_1	1-130/130	========/======	1/1	100.00	87.79	plasmidfinder	DQ298019	ColRNAI_1__DQ298019	
Genome/Taiwan_GCA_010254835.fna	DAAQAY010000011.1	39673	40046	-	IncX1_1	1-374/374	===============	0/0	100.00	98.66	plasmidfinder	EU370913	IncX1_1__EU370913	
Genome/Taiwan_GCA_010254835.fna	DAAQAY010000011.1	40693	41035	-	IncX3_1	37-374/374	.=======/======	4/5	90.37	80.17	plasmidfinder	JN247852	IncX3_1__JN247852	
Genome/Taiwan_GCA_010254835.fna	DAAQAY010000012.1	40542	41184	+	IncFIB(S)_1	1-643/643	===============	0/0	100.00	98.91	plasmidfinder	FN432031	IncFIB(S)_1__FN432031	
Genome/Taiwan_GCA_010254835.fna	DAAQAY010000015.1	3410	3671	+	IncFII(S)_1	1-262/262	===============	0/0	100.00	100.00	plasmidfinder	CP000858	IncFII(S)_1__CP000858	
Genome/Taiwan_GCA_010254835.fna	DAAQAY010000017.1	1622	1752	+	ColRNAI_1	1-130/130	========/======	1/1	100.00	87.79	plasmidfinder	DQ298019	ColRNAI_1__DQ298019	
Genome/Taiwan_GCA_010254835.fna	DAAQAY010000022.1	32293	32635	+	IncX3_1	37-374/374	.=======/======	4/5	90.37	80.17	plasmidfinder	JN247852	IncX3_1__JN247852	
Genome/Taiwan_GCA_010254835.fna	DAAQAY010000022.1	33282	33655	+	IncX1_1	1-374/374	===============	0/0	100.00	98.66	plasmidfinder	EU370913	IncX1_1__EU370913	
Genome/Taiwan_GCA_010255195.fna	DAAQBQ010000012.1	40542	41184	+	IncFIB(S)_1	1-643/643	===============	0/0	100.00	98.91	plasmidfinder	FN432031	IncFIB(S)_1__FN432031	
Genome/Taiwan_GCA_010255195.fna	DAAQBQ010000015.1	3393	3654	+	IncFII(S)_1	1-262/262	===============	0/0	100.00	100.00	plasmidfinder	CP000858	IncFII(S)_1__CP000858	
Genome/Taiwan_GCA_010255195.fna	DAAQBQ010000017.1	5135	5327	+	Col(Ye4449)_1	1-193/194	===============	0/0	99.48	80.31	plasmidfinder	FJ696405	Col(Ye4449)_1__FJ696405	
Genome/Taiwan_GCA_010255195.fna	DAAQBQ010000019.1	1622	1752	+	ColRNAI_1	1-130/130	========/======	1/1	100.00	87.79	plasmidfinder	DQ298019	ColRNAI_1__DQ298019	
Genome/Taiwan_GCA_010255295.fna	DAAQBV010000012.1	40540	41182	+	IncFIB(S)_1	1-643/643	===============	0/0	100.00	98.91	plasmidfinder	FN432031	IncFIB(S)_1__FN432031	
Genome/Taiwan_GCA_010255295.fna	DAAQBV010000015.1	3374	3635	+	IncFII(S)_1	1-262/262	===============	0/0	100.00	100.00	plasmidfinder	CP000858	IncFII(S)_1__CP000858	
Genome/Taiwan_GCA_010255295.fna	DAAQBV010000016.1	5135	5327	+	Col(Ye4449)_1	1-193/194	===============	0/0	99.48	80.31	plasmidfinder	FJ696405	Col(Ye4449)_1__FJ696405	
Genome/Taiwan_GCA_010255295.fna	DAAQBV010000019.1	1622	1752	+	ColRNAI_1	1-130/130	========/======	1/1	100.00	87.79	plasmidfinder	DQ298019	ColRNAI_1__DQ298019	
Genome/United_Kingdom_GCA_015123095.fna	AAWVPB010000027.1	6007	6383	-	IncX1_4	1-377/377	===============	0/0	100.00	98.94	plasmidfinder	JN935898	IncX1_4__JN935898	
Genome/United_Kingdom_GCA_015123095.fna	AAWVPB010000028.1	4868	5129	-	IncFII(S)_1	1-262/262	===============	0/0	100.00	100.00	plasmidfinder	CP000858	IncFII(S)_1__CP000858	
Genome/United_Kingdom_GCA_015123095.fna	AAWVPB010000032.1	1209	1851	+	IncFIB(S)_1	1-643/643	===============	0/0	100.00	98.91	plasmidfinder	FN432031	IncFIB(S)_1__FN432031	
Genome/United_Kingdom_GCA_015123095.fna	AAWVPB010000037.1	1622	1752	+	ColRNAI_1	1-130/130	========/======	1/1	100.00	87.79	plasmidfinder	DQ298019	ColRNAI_1__DQ298019	
Genome/United_Kingdom_GCA_015123275.fna	AAWVOH010000020.1	4868	5129	-	IncFII(S)_1	1-262/262	===============	0/0	100.00	100.00	plasmidfinder	CP000858	IncFII(S)_1__CP000858	
Genome/United_Kingdom_GCA_015123275.fna	AAWVOH010000020.1	49121	49763	+	IncFIB(S)_1	1-643/643	===============	0/0	100.00	98.91	plasmidfinder	FN432031	IncFIB(S)_1__FN432031	
Genome/United_Kingdom_GCA_015127605.fna	AAWVUY010000022.1	5032	5293	-	IncFII(S)_1	1-262/262	===============	0/0	100.00	100.00	plasmidfinder	CP000858	IncFII(S)_1__CP000858	
Genome/United_Kingdom_GCA_015127605.fna	AAWVUY010000022.1	49285	49927	+	IncFIB(S)_1	1-643/643	===============	0/0	100.00	98.91	plasmidfinder	FN432031	IncFIB(S)_1__FN432031	
Genome/United_Kingdom_GCA_015127645.fna	AAWVVA010000023.1	4395	4656	-	IncFII(S)_1	1-262/262	===============	0/0	100.00	100.00	plasmidfinder	CP000858	IncFII(S)_1__CP000858	
Genome/United_Kingdom_GCA_015127645.fna	AAWVVA010000023.1	48648	49290	+	IncFIB(S)_1	1-643/643	===============	0/0	100.00	98.91	plasmidfinder	FN432031	IncFIB(S)_1__FN432031	
Genome/United_Kingdom_GCA_015127805.fna	AAWVVL010000025.1	4416	4677	-	IncFII(S)_1	1-262/262	===============	0/0	100.00	100.00	plasmidfinder	CP000858	IncFII(S)_1__CP000858	
Genome/United_Kingdom_GCA_015127805.fna	AAWVVL010000025.1	48669	49311	+	IncFIB(S)_1	1-643/643	===============	0/0	100.00	98.91	plasmidfinder	FN432031	IncFIB(S)_1__FN432031	
Genome/United_Kingdom_GCA_015128595.fna	AAWVWU010000023.1	4260	4521	-	IncFII(S)_1	1-262/262	===============	0/0	100.00	100.00	plasmidfinder	CP000858	IncFII(S)_1__CP000858	
Genome/United_Kingdom_GCA_015128595.fna	AAWVWU010000023.1	48513	49155	+	IncFIB(S)_1	1-643/643	===============	0/0	100.00	98.91	plasmidfinder	FN432031	IncFIB(S)_1__FN432031	
Genome/United_Kingdom_GCA_015128665.fna	AAWVWY010000021.1	4113	4374	-	IncFII(S)_1	1-262/262	===============	0/0	100.00	100.00	plasmidfinder	CP000858	IncFII(S)_1__CP000858	
Genome/United_Kingdom_GCA_015128665.fna	AAWVWY010000021.1	48366	49008	+	IncFIB(S)_1	1-643/643	===============	0/0	100.00	98.91	plasmidfinder	FN432031	IncFIB(S)_1__FN432031	
Genome/United_Kingdom_GCA_015128665.fna	AAWVWY010000024.1	30449	30822	-	IncX1_1	1-374/374	===============	0/0	100.00	98.93	plasmidfinder	EU370913	IncX1_1__EU370913	
Genome/United_Kingdom_GCA_015128665.fna	AAWVWY010000028.1	1304	1434	+	ColRNAI_1	1-130/130	========/======	1/1	100.00	87.79	plasmidfinder	DQ298019	ColRNAI_1__DQ298019	
Genome/United_Kingdom_GCA_015129935.fna	AAWWOC010000021.1	3950	4211	-	IncFII(S)_1	1-262/262	===============	0/0	100.00	100.00	plasmidfinder	CP000858	IncFII(S)_1__CP000858	
Genome/United_Kingdom_GCA_015129935.fna	AAWWOC010000021.1	48203	48845	+	IncFIB(S)_1	1-643/643	===============	0/0	100.00	98.91	plasmidfinder	FN432031	IncFIB(S)_1__FN432031	
Genome/United_Kingdom_GCA_015129935.fna	AAWWOC010000030.1	2980	3262	+	Col440II_1	2-281/282	========/======	1/3	99.29	87.28	plasmidfinder	CP023921.1	Col440II_1__CP023921.1	
Genome/United_Kingdom_GCA_015129935.fna	AAWWOC010000030.1	3891	4000	+	Col440I_1	1-110/114	===============	0/0	96.49	93.64	plasmidfinder	CP023920.1	Col440I_1__CP023920.1	
Genome/United_Kingdom_GCA_015130975.fna	AAWWOS010000021.1	4260	4521	-	IncFII(S)_1	1-262/262	===============	0/0	100.00	100.00	plasmidfinder	CP000858	IncFII(S)_1__CP000858	
Genome/United_Kingdom_GCA_015130975.fna	AAWWOS010000021.1	48513	49155	+	IncFIB(S)_1	1-643/643	===============	0/0	100.00	98.91	plasmidfinder	FN432031	IncFIB(S)_1__FN432031	
Genome/United_Kingdom_GCA_015131295.fna	AAWWPG010000020.1	81147	81288	-	IncI1_1_Alpha	1-142/142	===============	0/0	100.00	100.00	plasmidfinder	AP005147	IncI1_1_Alpha_AP005147	
Genome/United_Kingdom_GCA_015131295.fna	AAWWPG010000023.1	4078	4339	-	IncFII(S)_1	1-262/262	===============	0/0	100.00	100.00	plasmidfinder	CP000858	IncFII(S)_1__CP000858	
Genome/United_Kingdom_GCA_015131295.fna	AAWWPG010000023.1	48331	48973	+	IncFIB(S)_1	1-643/643	===============	0/0	100.00	98.91	plasmidfinder	FN432031	IncFIB(S)_1__FN432031	
Genome/United_Kingdom_GCA_015131315.fna	AAWWPJ010000022.1	4416	4677	-	IncFII(S)_1	1-262/262	===============	0/0	100.00	100.00	plasmidfinder	CP000858	IncFII(S)_1__CP000858	
Genome/United_Kingdom_GCA_015131315.fna	AAWWPJ010000022.1	48654	49296	+	IncFIB(S)_1	1-643/643	===============	0/0	100.00	98.91	plasmidfinder	FN432031	IncFIB(S)_1__FN432031	
Genome/United_Kingdom_GCA_015131315.fna	AAWWPJ010000024.1	22853	23229	+	IncX1_4	1-377/377	===============	0/0	100.00	95.76	plasmidfinder	JN935898	IncX1_4__JN935898	
Genome/United_Kingdom_GCA_015131315.fna	AAWWPJ010000029.1	1608	1738	+	ColRNAI_1	1-130/130	========/======	1/1	100.00	87.79	plasmidfinder	DQ298019	ColRNAI_1__DQ298019	
Genome/United_Kingdom_GCA_015131435.fna	AAWWPS010000024.1	4868	5129	-	IncFII(S)_1	1-262/262	===============	0/0	100.00	100.00	plasmidfinder	CP000858	IncFII(S)_1__CP000858	
Genome/United_Kingdom_GCA_015131435.fna	AAWWPS010000024.1	49121	49763	+	IncFIB(S)_1	1-643/643	===============	0/0	100.00	98.91	plasmidfinder	FN432031	IncFIB(S)_1__FN432031	
Genome/United_Kingdom_GCA_015131575.fna	AAWWPU010000023.1	4078	4339	-	IncFII(S)_1	1-262/262	===============	0/0	100.00	100.00	plasmidfinder	CP000858	IncFII(S)_1__CP000858	
Genome/United_Kingdom_GCA_015131575.fna	AAWWPU010000023.1	48331	48973	+	IncFIB(S)_1	1-643/643	===============	0/0	100.00	98.91	plasmidfinder	FN432031	IncFIB(S)_1__FN432031	
Genome/United_Kingdom_GCA_015131615.fna	AAWWQB010000021.1	4260	4521	-	IncFII(S)_1	1-262/262	===============	0/0	100.00	100.00	plasmidfinder	CP000858	IncFII(S)_1__CP000858	
Genome/United_Kingdom_GCA_015131615.fna	AAWWQB010000021.1	48513	49155	+	IncFIB(S)_1	1-643/643	===============	0/0	100.00	98.91	plasmidfinder	FN432031	IncFIB(S)_1__FN432031	
Genome/United_Kingdom_GCA_015131675.fna	AAWWPZ010000021.1	4416	4677	-	IncFII(S)_1	1-262/262	===============	0/0	100.00	100.00	plasmidfinder	CP000858	IncFII(S)_1__CP000858	
Genome/United_Kingdom_GCA_015131675.fna	AAWWPZ010000021.1	48669	49311	+	IncFIB(S)_1	1-643/643	===============	0/0	100.00	98.91	plasmidfinder	FN432031	IncFIB(S)_1__FN432031	
Genome/United_Kingdom_GCA_015131735.fna	AAWWQA010000018.1	4260	4521	-	IncFII(S)_1	1-262/262	===============	0/0	100.00	100.00	plasmidfinder	CP000858	IncFII(S)_1__CP000858	
Genome/United_Kingdom_GCA_015131735.fna	AAWWQA010000018.1	48513	49155	+	IncFIB(S)_1	1-643/643	===============	0/0	100.00	98.91	plasmidfinder	FN432031	IncFIB(S)_1__FN432031	
Genome/United_Kingdom_GCA_015131835.fna	AAWWRA010000024.1	5032	5293	-	IncFII(S)_1	1-262/262	===============	0/0	100.00	100.00	plasmidfinder	CP000858	IncFII(S)_1__CP000858	
Genome/United_Kingdom_GCA_015131835.fna	AAWWRA010000024.1	49285	49927	+	IncFIB(S)_1	1-643/643	===============	0/0	100.00	98.91	plasmidfinder	FN432031	IncFIB(S)_1__FN432031	
Genome/United_Kingdom_GCA_015131995.fna	AAWWQM010000022.1	5032	5293	-	IncFII(S)_1	1-262/262	===============	0/0	100.00	100.00	plasmidfinder	CP000858	IncFII(S)_1__CP000858	
Genome/United_Kingdom_GCA_015131995.fna	AAWWQM010000022.1	49284	49926	+	IncFIB(S)_1	1-643/643	===============	0/0	100.00	98.91	plasmidfinder	FN432031	IncFIB(S)_1__FN432031	
Genome/United_Kingdom_GCA_015132775.fna	AAWWSM010000019.1	70540	70676	+	IncI_Gamma_1	5-141/141	===============	0/0	97.16	100.00	plasmidfinder	AP011954	IncI_Gamma_1_AP011954	
Genome/United_Kingdom_GCA_015132775.fna	AAWWSM010000021.1	4868	5129	-	IncFII(S)_1	1-262/262	===============	0/0	100.00	100.00	plasmidfinder	CP000858	IncFII(S)_1__CP000858	
Genome/United_Kingdom_GCA_015132775.fna	AAWWSM010000021.1	49010	49652	+	IncFIB(S)_1	1-643/643	===============	0/0	100.00	98.91	plasmidfinder	FN432031	IncFIB(S)_1__FN432031	
Genome/United_Kingdom_GCA_015132775.fna	AAWWSM010000030.1	1622	1752	+	ColRNAI_1	1-130/130	========/======	1/1	100.00	87.79	plasmidfinder	DQ298019	ColRNAI_1__DQ298019	
Genome/United_Kingdom_GCA_015133115.fna	AAWWSS010000024.1	5032	5293	-	IncFII(S)_1	1-262/262	===============	0/0	100.00	100.00	plasmidfinder	CP000858	IncFII(S)_1__CP000858	
Genome/United_Kingdom_GCA_015133115.fna	AAWWSS010000024.1	49285	49927	+	IncFIB(S)_1	1-643/643	===============	0/0	100.00	98.91	plasmidfinder	FN432031	IncFIB(S)_1__FN432031	
Genome/United_Kingdom_GCA_015133555.fna	AAWWTU010000025.1	4395	4656	-	IncFII(S)_1	1-262/262	===============	0/0	100.00	100.00	plasmidfinder	CP000858	IncFII(S)_1__CP000858	
Genome/United_Kingdom_GCA_015133555.fna	AAWWTU010000025.1	48648	49290	+	IncFIB(S)_1	1-643/643	===============	0/0	100.00	98.91	plasmidfinder	FN432031	IncFIB(S)_1__FN432031	
Genome/United_Kingdom_GCA_015133555.fna	AAWWTU010000027.1	30448	30821	-	IncX1_1	1-374/374	===============	0/0	100.00	98.93	plasmidfinder	EU370913	IncX1_1__EU370913	
Genome/United_Kingdom_GCA_015170025.fna	AAWVXQ010000022.1	5032	5293	-	IncFII(S)_1	1-262/262	===============	0/0	100.00	100.00	plasmidfinder	CP000858	IncFII(S)_1__CP000858	
Genome/United_Kingdom_GCA_015170025.fna	AAWVXQ010000022.1	49285	49927	+	IncFIB(S)_1	1-643/643	===============	0/0	100.00	98.91	plasmidfinder	FN432031	IncFIB(S)_1__FN432031	
Genome/United_Kingdom_GCA_015170195.fna	AAWVXS010000021.1	4309	4570	-	IncFII(S)_1	1-262/262	===============	0/0	100.00	100.00	plasmidfinder	CP000858	IncFII(S)_1__CP000858	
Genome/United_Kingdom_GCA_015170195.fna	AAWVXS010000021.1	48562	49204	+	IncFIB(S)_1	1-643/643	===============	0/0	100.00	98.91	plasmidfinder	FN432031	IncFIB(S)_1__FN432031	
Genome/United_Kingdom_GCA_017235175.fna	AAZHHD010000029.1	3859	4120	-	IncFII(S)_1	1-262/262	===============	0/0	100.00	100.00	plasmidfinder	CP000858	IncFII(S)_1__CP000858	
Genome/United_Kingdom_GCA_017235175.fna	AAZHHD010000029.1	48112	48754	+	IncFIB(S)_1	1-643/643	===============	0/0	100.00	98.91	plasmidfinder	FN432031	IncFIB(S)_1__FN432031	
Genome/United_Kingdom_GCA_017235175.fna	AAZHHD010000035.1	2097	2420	-	IncI2_1	1-324/324	===============	0/0	100.00	100.00	plasmidfinder	KP347127	IncI2_1__KP347127	
Genome/United_Kingdom_GCA_017235175.fna	AAZHHD010000041.1	11863	12236	-	IncX4_1	1-374/374	===============	0/0	100.00	100.00	plasmidfinder	CP002895	IncX4_1__CP002895	
Genome/United_Kingdom_GCA_017235175.fna	AAZHHD010000048.1	2980	3262	+	Col440II_1	2-281/282	========/======	1/3	99.29	87.28	plasmidfinder	CP023921.1	Col440II_1__CP023921.1	
Genome/United_Kingdom_GCA_017235175.fna	AAZHHD010000048.1	3891	4000	+	Col440I_1	1-110/114	===============	0/0	96.49	93.64	plasmidfinder	CP023920.1	Col440I_1__CP023920.1	
Genome/United_Kingdom_GCA_019475725.fna	ABBQEB010000022.1	4260	4521	-	IncFII(S)_1	1-262/262	===============	0/0	100.00	100.00	plasmidfinder	CP000858	IncFII(S)_1__CP000858	
Genome/United_Kingdom_GCA_019475725.fna	ABBQEB010000022.1	48513	49155	+	IncFIB(S)_1	1-643/643	===============	0/0	100.00	98.91	plasmidfinder	FN432031	IncFIB(S)_1__FN432031	
Genome/United_Kingdom_GCA_019475725.fna	ABBQEB010000036.1	1622	1752	+	ColRNAI_1	1-130/130	========/======	1/1	100.00	87.79	plasmidfinder	DQ298019	ColRNAI_1__DQ298019	
Genome/United_Kingdom_GCA_019476025.fna	ABBQEQ010000020.1	4868	5129	-	IncFII(S)_1	1-262/262	===============	0/0	100.00	100.00	plasmidfinder	CP000858	IncFII(S)_1__CP000858	
Genome/United_Kingdom_GCA_019476025.fna	ABBQEQ010000020.1	49121	49763	+	IncFIB(S)_1	1-643/643	===============	0/0	100.00	98.91	plasmidfinder	FN432031	IncFIB(S)_1__FN432031	
Genome/United_Kingdom_GCA_019476025.fna	ABBQEQ010000023.1	30448	30821	-	IncX1_1	1-374/374	===============	0/0	100.00	98.93	plasmidfinder	EU370913	IncX1_1__EU370913	
Genome/United_Kingdom_GCA_019476805.fna	ABBQGI010000021.1	3947	4208	-	IncFII(S)_1	1-262/262	===============	0/0	100.00	100.00	plasmidfinder	CP000858	IncFII(S)_1__CP000858	
Genome/United_Kingdom_GCA_019476805.fna	ABBQGI010000021.1	48185	48827	+	IncFIB(S)_1	1-643/643	===============	0/0	100.00	98.91	plasmidfinder	FN432031	IncFIB(S)_1__FN432031	
Genome/United_Kingdom_GCA_019476805.fna	ABBQGI010000022.1	44522	44898	+	IncX1_4	1-377/377	===============	0/0	100.00	95.76	plasmidfinder	JN935898	IncX1_4__JN935898	
Genome/United_Kingdom_GCA_019476805.fna	ABBQGI010000031.1	1608	1738	+	ColRNAI_1	1-130/130	========/======	1/1	100.00	87.79	plasmidfinder	DQ298019	ColRNAI_1__DQ298019	
Genome/United_Kingdom_GCA_019477265.fna	ABBQHC010000087.1	9042	9684	+	IncFIB(S)_1	1-643/643	===============	0/0	100.00	98.91	plasmidfinder	FN432031	IncFIB(S)_1__FN432031	
Genome/United_Kingdom_GCA_019477265.fna	ABBQHC010000124.1	3859	4120	-	IncFII(S)_1	1-262/262	===============	0/0	100.00	100.00	plasmidfinder	CP000858	IncFII(S)_1__CP000858	
Genome/United_Kingdom_GCA_019477265.fna	ABBQHC010000175.1	1410	1540	-	ColRNAI_1	1-130/130	========/======	1/1	100.00	85.50	plasmidfinder	DQ298019	ColRNAI_1__DQ298019	
Genome/United_Kingdom_GCA_019477265.fna	ABBQHC010000204.1	805	997	+	ColpVC_1	1-193/193	===============	0/0	100.00	98.96	plasmidfinder	JX133088	ColpVC_1__JX133088	
Genome/United_Kingdom_GCA_019525025.fna	ABBTEO010000022.1	4078	4339	-	IncFII(S)_1	1-262/262	===============	0/0	100.00	100.00	plasmidfinder	CP000858	IncFII(S)_1__CP000858	
Genome/United_Kingdom_GCA_019525025.fna	ABBTEO010000022.1	48331	48973	+	IncFIB(S)_1	1-643/643	===============	0/0	100.00	98.91	plasmidfinder	FN432031	IncFIB(S)_1__FN432031	
Genome/United_Kingdom_GCA_019525025.fna	ABBTEO010000025.1	2720	3093	+	IncX4_1	1-374/374	===============	0/0	100.00	100.00	plasmidfinder	CP002895	IncX4_1__CP002895	
Genome/United_Kingdom_GCA_019525025.fna	ABBTEO010000028.1	2980	3262	+	Col440II_1	2-281/282	========/======	1/3	99.29	87.28	plasmidfinder	CP023921.1	Col440II_1__CP023921.1	
Genome/United_Kingdom_GCA_019525025.fna	ABBTEO010000028.1	3891	4000	+	Col440I_1	1-110/114	===============	0/0	96.49	93.64	plasmidfinder	CP023920.1	Col440I_1__CP023920.1	
Genome/United_Kingdom_GCA_019543535.fna	ABBUNL010000013.1	3849	4110	-	IncFII(S)_1	1-262/262	===============	0/0	100.00	100.00	plasmidfinder	CP000858	IncFII(S)_1__CP000858	
Genome/United_Kingdom_GCA_019543535.fna	ABBUNL010000013.1	48102	48744	+	IncFIB(S)_1	1-643/643	===============	0/0	100.00	98.91	plasmidfinder	FN432031	IncFIB(S)_1__FN432031	
Genome/United_Kingdom_GCA_019543535.fna	ABBUNL010000032.1	2072	2395	-	IncI2_1	1-324/324	===============	0/0	100.00	100.00	plasmidfinder	KP347127	IncI2_1__KP347127	
Genome/United_Kingdom_GCA_019543535.fna	ABBUNL010000041.1	233	606	+	IncX4_1	1-374/374	===============	0/0	100.00	100.00	plasmidfinder	CP002895	IncX4_1__CP002895	
Genome/United_Kingdom_GCA_019543535.fna	ABBUNL010000213.1	2980	3262	+	Col440II_1	2-281/282	========/======	1/3	99.29	87.28	plasmidfinder	CP023921.1	Col440II_1__CP023921.1	
Genome/United_Kingdom_GCA_019543535.fna	ABBUNL010000213.1	3891	4000	+	Col440I_1	1-110/114	===============	0/0	96.49	93.64	plasmidfinder	CP023920.1	Col440I_1__CP023920.1	
Genome/United_States_GCA_008396455.fna	AAKIEC010000026.1	40540	41182	+	IncFIB(S)_1	1-643/643	===============	0/0	100.00	98.91	plasmidfinder	FN432031	IncFIB(S)_1__FN432031	
Genome/United_States_GCA_008396455.fna	AAKIEC010000035.1	3395	3656	+	IncFII(S)_1	1-262/262	===============	0/0	100.00	100.00	plasmidfinder	CP000858	IncFII(S)_1__CP000858	
Genome/United_States_GCA_008396595.fna	AAKIEG010000027.1	6831	7473	+	IncFIB(S)_1	1-643/643	===============	0/0	100.00	98.91	plasmidfinder	FN432031	IncFIB(S)_1__FN432031	
Genome/United_States_GCA_008396595.fna	AAKIEG010000028.1	3392	3653	+	IncFII(S)_1	1-262/262	===============	0/0	100.00	100.00	plasmidfinder	CP000858	IncFII(S)_1__CP000858	
Genome/United_States_GCA_008842065.fna	AALIXQ010000015.1	5032	5293	-	IncFII(S)_1	1-262/262	===============	0/0	100.00	100.00	plasmidfinder	CP000858	IncFII(S)_1__CP000858	
Genome/United_States_GCA_008842065.fna	AALIXQ010000019.1	6830	7472	+	IncFIB(S)_1	1-643/643	===============	0/0	100.00	98.91	plasmidfinder	FN432031	IncFIB(S)_1__FN432031	
Genome/United_States_GCA_008888505.fna	AALMFT010000020.1	6820	7462	+	IncFIB(S)_1	1-643/643	===============	0/0	100.00	98.91	plasmidfinder	FN432031	IncFIB(S)_1__FN432031	
Genome/United_States_GCA_008888505.fna	AALMFT010000021.1	3414	3675	+	IncFII(S)_1	1-262/262	===============	0/0	100.00	100.00	plasmidfinder	CP000858	IncFII(S)_1__CP000858	
Genome/United_States_GCA_008888505.fna	AALMFT010000024.1	1189	1302	+	Col440I_1	1-114/114	===============	0/0	100.00	91.23	plasmidfinder	CP023920.1	Col440I_1__CP023920.1	
Genome/United_States_GCA_008888745.fna	AALMFX010000024.1	40576	41218	+	IncFIB(S)_1	1-643/643	===============	0/0	100.00	98.91	plasmidfinder	FN432031	IncFIB(S)_1__FN432031	
Genome/United_States_GCA_008888745.fna	AALMFX010000035.1	3393	3654	+	IncFII(S)_1	1-262/262	===============	0/0	100.00	100.00	plasmidfinder	CP000858	IncFII(S)_1__CP000858	
Genome/United_States_GCA_008888765.fna	AALMGB010000026.1	5998	6259	-	IncFII(S)_1	1-262/262	===============	0/0	100.00	100.00	plasmidfinder	CP000858	IncFII(S)_1__CP000858	
Genome/United_States_GCA_008888765.fna	AALMGB010000026.1	50251	50893	+	IncFIB(S)_1	1-643/643	===============	0/0	100.00	98.91	plasmidfinder	FN432031	IncFIB(S)_1__FN432031	
Genome/United_States_GCA_010434915.fna	AANTLB010000030.1	40526	41168	+	IncFIB(S)_1	1-643/643	===============	0/0	100.00	98.91	plasmidfinder	FN432031	IncFIB(S)_1__FN432031	
Genome/United_States_GCA_010434915.fna	AANTLB010000045.1	3405	3666	+	IncFII(S)_1	1-262/262	===============	0/0	100.00	100.00	plasmidfinder	CP000858	IncFII(S)_1__CP000858	
Genome/United_States_GCA_010435855.fna	AANTLI010000023.1	40519	41161	+	IncFIB(S)_1	1-643/643	===============	0/0	100.00	98.91	plasmidfinder	FN432031	IncFIB(S)_1__FN432031	
Genome/United_States_GCA_010435855.fna	AANTLI010000034.1	3412	3673	+	IncFII(S)_1	1-262/262	===============	0/0	100.00	100.00	plasmidfinder	CP000858	IncFII(S)_1__CP000858	
Genome/United_States_GCA_010486415.fna	AANWWW010000031.1	40527	41169	+	IncFIB(S)_1	1-643/643	===============	0/0	100.00	98.91	plasmidfinder	FN432031	IncFIB(S)_1__FN432031	
Genome/United_States_GCA_010486415.fna	AANWWW010000056.1	3425	3686	+	IncFII(S)_1	1-262/262	===============	0/0	100.00	100.00	plasmidfinder	CP000858	IncFII(S)_1__CP000858	
Genome/United_States_GCA_010512695.fna	AANYNR010000054.1	9244	9886	+	IncFIB(S)_1	1-643/643	===============	0/0	100.00	98.91	plasmidfinder	FN432031	IncFIB(S)_1__FN432031	
Genome/United_States_GCA_010512695.fna	AANYNR010000065.1	3414	3675	+	IncFII(S)_1	1-262/262	===============	0/0	100.00	100.00	plasmidfinder	CP000858	IncFII(S)_1__CP000858	
Genome/United_States_GCA_010810535.fna	AAORGC010000036.1	10822	11464	+	IncFIB(S)_1	1-643/643	===============	0/0	100.00	98.91	plasmidfinder	FN432031	IncFIB(S)_1__FN432031	
Genome/United_States_GCA_010810535.fna	AAORGC010000043.1	3413	3674	+	IncFII(S)_1	1-262/262	===============	0/0	100.00	100.00	plasmidfinder	CP000858	IncFII(S)_1__CP000858	
Genome/United_States_GCA_010840035.fna	AAOUGD010000034.1	45482	46124	+	IncFIB(S)_1	1-643/643	===============	0/0	100.00	98.91	plasmidfinder	FN432031	IncFIB(S)_1__FN432031	
Genome/United_States_GCA_010840035.fna	AAOUGD010000064.1	3423	3684	+	IncFII(S)_1	1-262/262	===============	0/0	100.00	100.00	plasmidfinder	CP000858	IncFII(S)_1__CP000858	
Genome/United_States_GCA_010840035.fna	AAOUGD010000084.1	718	1094	-	IncX1_4	1-377/377	===============	0/0	100.00	95.76	plasmidfinder	JN935898	IncX1_4__JN935898	
Genome/United_States_GCA_011207155.fna	AAPOER010000034.1	5032	5293	-	IncFII(S)_1	1-262/262	===============	0/0	100.00	100.00	plasmidfinder	CP000858	IncFII(S)_1__CP000858	
Genome/United_States_GCA_011207155.fna	AAPOER010000052.1	9162	9804	+	IncFIB(S)_1	1-643/643	===============	0/0	100.00	98.91	plasmidfinder	FN432031	IncFIB(S)_1__FN432031	
Genome/United_States_GCA_016230385.fna	AAYBCA010000026.1	3425	3686	+	IncFII(S)_1	1-262/262	===============	0/0	100.00	100.00	plasmidfinder	CP000858	IncFII(S)_1__CP000858	
Genome/United_States_GCA_016230385.fna	AAYBCA010000026.1	18163	18805	-	IncFIB(S)_1	1-643/643	===============	0/0	100.00	98.91	plasmidfinder	FN432031	IncFIB(S)_1__FN432031	
Genome/United_States_GCA_016230445.fna	AAYBBX010000048.1	7399	7660	+	IncFII(S)_1	1-262/262	===============	0/0	100.00	100.00	plasmidfinder	CP000858	IncFII(S)_1__CP000858	
Genome/United_States_GCA_016230445.fna	AAYBBX010000052.1	6836	7478	+	IncFIB(S)_1	1-643/643	===============	0/0	100.00	98.91	plasmidfinder	FN432031	IncFIB(S)_1__FN432031	
Genome/United_States_GCA_016230465.fna	AAYBBZ010000038.1	6831	7473	+	IncFIB(S)_1	1-643/643	===============	0/0	100.00	98.91	plasmidfinder	FN432031	IncFIB(S)_1__FN432031	
Genome/United_States_GCA_016230465.fna	AAYBBZ010000044.1	3446	3707	+	IncFII(S)_1	1-262/262	===============	0/0	100.00	100.00	plasmidfinder	CP000858	IncFII(S)_1__CP000858	
Genome/United_States_GCA_016230505.fna	AAYBBO010000037.1	6831	7473	+	IncFIB(S)_1	1-643/643	===============	0/0	100.00	98.91	plasmidfinder	FN432031	IncFIB(S)_1__FN432031	
Genome/United_States_GCA_016230505.fna	AAYBBO010000042.1	3446	3707	+	IncFII(S)_1	1-262/262	===============	0/0	100.00	100.00	plasmidfinder	CP000858	IncFII(S)_1__CP000858	
Genome/United_States_GCA_016230665.fna	AAYBBV010000027.1	8458	9100	-	IncFIB(S)_1	1-643/643	===============	0/0	100.00	98.91	plasmidfinder	FN432031	IncFIB(S)_1__FN432031	
Genome/United_States_GCA_016230665.fna	AAYBBV010000027.1	53092	53353	+	IncFII(S)_1	1-262/262	===============	0/0	100.00	100.00	plasmidfinder	CP000858	IncFII(S)_1__CP000858	
Genome/United_States_GCA_016230665.fna	AAYBBV010000030.1	72	445	-	IncX1_1	1-374/374	===============	0/0	100.00	98.66	plasmidfinder	EU370913	IncX1_1__EU370913	
Genome/United_States_GCA_016230665.fna	AAYBBV010000030.1	1092	1434	-	IncX3_1	37-374/374	.=======/======	4/5	90.37	80.17	plasmidfinder	JN247852	IncX3_1__JN247852	
Genome/United_States_GCA_016230705.fna	AAYBBT010000027.1	8458	9100	-	IncFIB(S)_1	1-643/643	===============	0/0	100.00	98.91	plasmidfinder	FN432031	IncFIB(S)_1__FN432031	
Genome/United_States_GCA_016230705.fna	AAYBBT010000027.1	53092	53353	+	IncFII(S)_1	1-262/262	===============	0/0	100.00	100.00	plasmidfinder	CP000858	IncFII(S)_1__CP000858	
